learner,config,variant,level,threshold_rule,split,seed,feature_set,fit_seconds,n_train,pr_auc,roc_auc,brier,threshold,tp,fp,fn,tn,precision,recall,f1,mcc,n_flagged,alert_rate,R,ner,total_risk,ner_severity_weighted,total_risk_severity_weighted,recall_at_100,precision_at_100,recall_at_500,precision_at_500,recall_at_1000,precision_at_1000,recall_at_5000,precision_at_5000
logistic_regression,A,unweighted,none,fixed,val,42,full,12.400145799998427,4453834,0.8275315316245621,0.9961879249535245,0.0003962985925785135,0.5,836,35,396,953125,0.9598163030998852,0.6785714285714286,0.7950546837850689,0.806837578534353,871,0.0009126229054728036,773.7010836478753,0.3214652898609343,306420.62912455853,0.2540680439818987,191919.05835334226,0.08116883116883117,1.0,0.40016233766233766,0.986,0.7248376623376623,0.893,0.900974025974026,0.222
logistic_regression,A,unweighted,none,fixed,test,42,full,12.400145799998427,4453834,0.8160173160210131,0.9944724675043997,0.0004180831664346159,0.5,809,34,423,953128,0.9596678529062871,0.6566558441558441,0.7797590361445783,0.7936283714641236,843,0.0008832830047129383,773.7010836478753,0.3433798251784512,327309.5583830512,0.2734074677209165,201958.37731584074,0.08116883116883117,1.0,0.4025974025974026,0.992,0.7175324675324676,0.884,0.8847402597402597,0.218
logistic_regression,B,unweighted,decision,youden,val,42,full,12.400145799998427,4453834,0.8275315316245621,0.9961879249535245,0.0003962985925785135,0.0016635397914797068,1208,37918,24,915242,0.030874610233604254,0.9805194805194806,0.059864215273303927,0.17035332374636794,39126,0.04099573340933285,773.7010836478753,0.0592602200045074,56486.82600754901,0.0637129309734178,48127.75949981736,0.08116883116883117,1.0,0.40016233766233766,0.986,0.7248376623376623,0.893,0.900974025974026,0.222
logistic_regression,B,unweighted,decision,youden,test,42,full,12.400145799998427,4453834,0.8160173160210131,0.9944724675043997,0.0004180831664346159,0.0016635397914797068,1207,37730,25,915432,0.030998792921899478,0.9797077922077922,0.06009609400283801,0.17063712370396977,38937,0.04079761607889404,773.7010836478753,0.05987467787950312,57072.527091196884,0.0666470482574017,49230.29290734202,0.08116883116883117,1.0,0.4025974025974026,0.992,0.7175324675324676,0.884,0.8847402597402597,0.218
logistic_regression,C,unweighted,decision,ner_optimal,val,42,full,12.400145799998427,4453834,0.8275315316245621,0.9961879249535245,0.0003962985925785135,0.0016635397914797068,1208,37918,24,915242,0.030874610233604254,0.9805194805194806,0.059864215273303927,0.17035332374636794,39126,0.04099573340933285,773.7010836478753,0.0592602200045074,56486.82600754901,0.0637129309734178,48127.75949981736,0.08116883116883117,1.0,0.40016233766233766,0.986,0.7248376623376623,0.893,0.900974025974026,0.222
logistic_regression,C,unweighted,decision,ner_optimal,test,42,full,12.400145799998427,4453834,0.8160173160210131,0.9944724675043997,0.0004180831664346159,0.0016635397914797068,1207,37730,25,915432,0.030998792921899478,0.9797077922077922,0.06009609400283801,0.17063712370396977,38937,0.04079761607889404,773.7010836478753,0.05987467787950312,57072.527091196884,0.0666470482574017,49230.29290734202,0.08116883116883117,1.0,0.4025974025974026,0.992,0.7175324675324676,0.884,0.8847402597402597,0.218
decision_tree,A,unweighted,none,fixed,val,42,full,117.60397890000604,4453834,0.9958617275666231,0.9987361473258057,1.0916212141967321e-05,0.5,1228,8,4,953152,0.9935275080906149,0.9967532467532467,0.9951377633711507,0.9951327789263803,1236,0.0012950653400279968,773.7010836478753,0.0032551460312933572,3102.804334591501,0.0033557847589364784,2534.907739193961,0.08116883116883117,1.0,0.40584415584415584,1.0,0.8108766233766234,0.999,0.9967532467532467,0.2456
decision_tree,A,unweighted,none,fixed,test,42,full,117.60397890000604,4453834,0.992817836629492,0.9982481156975891,1.1343975372751053e-05,0.5,1225,4,7,953158,0.9967453213995118,0.9943181818181818,0.995530272247054,0.9955252435842747,1229,0.0012877281290536193,773.7010836478753,0.0056860145740882375,5419.9075855351275,0.003791845772632651,2800.929417387069,0.08116883116883117,1.0,0.4042207792207792,0.996,0.810064935064935,0.998,0.9943181818181818,0.245
decision_tree,B,unweighted,decision,youden,val,42,full,117.60397890000604,4453834,0.9958617275666231,0.9987361473258057,1.0916212141967321e-05,0.7605633735656738,1228,8,4,953152,0.9935275080906149,0.9967532467532467,0.9951377633711507,0.9951327789263803,1236,0.0012950653400279968,773.7010836478753,0.0032551460312933572,3102.804334591501,0.0033557847589364784,2534.907739193961,0.08116883116883117,1.0,0.40584415584415584,1.0,0.8108766233766234,0.999,0.9967532467532467,0.2456
decision_tree,B,unweighted,decision,youden,test,42,full,117.60397890000604,4453834,0.992817836629492,0.9982481156975891,1.1343975372751053e-05,0.7605633735656738,1225,4,7,953158,0.9967453213995118,0.9943181818181818,0.995530272247054,0.9955252435842747,1229,0.0012877281290536193,773.7010836478753,0.0056860145740882375,5419.9075855351275,0.003791845772632651,2800.929417387069,0.08116883116883117,1.0,0.4042207792207792,0.996,0.810064935064935,0.998,0.9943181818181818,0.245
decision_tree,C,unweighted,decision,ner_optimal,val,42,full,117.60397890000604,4453834,0.9958617275666231,0.9987361473258057,1.0916212141967321e-05,0.7605633735656738,1228,8,4,953152,0.9935275080906149,0.9967532467532467,0.9951377633711507,0.9951327789263803,1236,0.0012950653400279968,773.7010836478753,0.0032551460312933572,3102.804334591501,0.0033557847589364784,2534.907739193961,0.08116883116883117,1.0,0.40584415584415584,1.0,0.8108766233766234,0.999,0.9967532467532467,0.2456
decision_tree,C,unweighted,decision,ner_optimal,test,42,full,117.60397890000604,4453834,0.992817836629492,0.9982481156975891,1.1343975372751053e-05,0.7605633735656738,1225,4,7,953158,0.9967453213995118,0.9943181818181818,0.995530272247054,0.9955252435842747,1229,0.0012877281290536193,773.7010836478753,0.0056860145740882375,5419.9075855351275,0.003791845772632651,2800.929417387069,0.08116883116883117,1.0,0.4042207792207792,0.996,0.810064935064935,0.998,0.9943181818181818,0.245
random_forest,A,unweighted,none,fixed,val,42,full,226.40232839999953,4453834,0.9970231101603307,0.999093226399896,9.94067898358575e-06,0.5,1228,0,4,953160,1.0,0.9967532467532467,0.9983739837398374,0.9983732086894213,1228,0.0012866830400925407,773.7010836478753,0.003246753246753247,3094.804334591501,0.0033451941257325937,2526.907739193961,0.08116883116883117,1.0,0.40584415584415584,1.0,0.8116883116883117,1.0,0.9967532467532467,0.2456
random_forest,A,unweighted,none,fixed,test,42,full,226.40232839999953,4453834,0.9962617369407095,0.9989275485515239,1.1431709091459837e-05,0.5,1227,0,5,953162,1.0,0.9959415584415584,0.9979666531110207,0.9979660986528147,1227,0.0012856325584611806,773.7010836478753,0.004058441558441558,3868.5054182393765,0.0032134907957788897,2373.7149246316817,0.08116883116883117,1.0,0.40584415584415584,1.0,0.8116883116883117,1.0,0.9967532467532467,0.2456
random_forest,B,unweighted,decision,youden,val,42,full,226.40232839999953,4453834,0.9970231101603307,0.999093226399896,9.94067898358575e-06,0.6514381170272827,1228,0,4,953160,1.0,0.9967532467532467,0.9983739837398374,0.9983732086894213,1228,0.0012866830400925407,773.7010836478753,0.003246753246753247,3094.804334591501,0.0033451941257325937,2526.907739193961,0.08116883116883117,1.0,0.40584415584415584,1.0,0.8116883116883117,1.0,0.9967532467532467,0.2456
random_forest,B,unweighted,decision,youden,test,42,full,226.40232839999953,4453834,0.9962617369407095,0.9989275485515239,1.1431709091459837e-05,0.6514381170272827,1225,0,7,953162,1.0,0.9943181818181818,0.9971509971509972,0.9971513825000433,1225,0.001283536987868742,773.7010836478753,0.005681818181818182,5415.9075855351275,0.0034900102123648163,2577.97201071472,0.08116883116883117,1.0,0.40584415584415584,1.0,0.8116883116883117,1.0,0.9967532467532467,0.2456
random_forest,C,unweighted,decision,ner_optimal,val,42,full,226.40232839999953,4453834,0.9970231101603307,0.999093226399896,9.94067898358575e-06,0.6514381170272827,1228,0,4,953160,1.0,0.9967532467532467,0.9983739837398374,0.9983732086894213,1228,0.0012866830400925407,773.7010836478753,0.003246753246753247,3094.804334591501,0.0033451941257325937,2526.907739193961,0.08116883116883117,1.0,0.40584415584415584,1.0,0.8116883116883117,1.0,0.9967532467532467,0.2456
random_forest,C,unweighted,decision,ner_optimal,test,42,full,226.40232839999953,4453834,0.9962617369407095,0.9989275485515239,1.1431709091459837e-05,0.6514381170272827,1225,0,7,953162,1.0,0.9943181818181818,0.9971509971509972,0.9971513825000433,1225,0.001283536987868742,773.7010836478753,0.005681818181818182,5415.9075855351275,0.0034900102123648163,2577.97201071472,0.08116883116883117,1.0,0.40584415584415584,1.0,0.8116883116883117,1.0,0.9967532467532467,0.2456
xgboost,A,unweighted,none,fixed,val,42,full,155.43084830002044,4453834,0.9972449792292991,0.9988732540645389,4.229217113348347e-06,0.5,1228,0,4,953160,1.0,0.9967532467532467,0.9983739837398374,0.9983732086894213,1228,0.0012866830400925407,773.7010836478753,0.003246753246753247,3094.804334591501,0.0033451941257325937,2526.907739193961,0.08116883116883117,1.0,0.40584415584415584,1.0,0.8116883116883117,1.0,0.9983766233766234,0.246
xgboost,A,unweighted,none,fixed,test,42,full,155.43084830002044,4453834,0.9976538559094231,0.9995860343795689,5.905609840439004e-06,0.5,1227,1,5,953161,0.999185667752443,0.9959415584415584,0.9975609756097561,0.9975591503501777,1228,0.0012866803437574,773.7010836478753,0.004059490656509073,3869.5054182393765,0.0032148445770448847,2374.7149246316817,0.08116883116883117,1.0,0.40584415584415584,1.0,0.8116883116883117,1.0,0.997564935064935,0.2458
xgboost,B,unweighted,decision,youden,val,42,full,155.43084830002044,4453834,0.9972449792292991,0.9988732540645389,4.229217113348347e-06,0.9370900392532349,1228,0,4,953160,1.0,0.9967532467532467,0.9983739837398374,0.9983732086894213,1228,0.0012866830400925407,773.7010836478753,0.003246753246753247,3094.804334591501,0.0033451941257325937,2526.907739193961,0.08116883116883117,1.0,0.40584415584415584,1.0,0.8116883116883117,1.0,0.9983766233766234,0.246
xgboost,B,unweighted,decision,youden,test,42,full,155.43084830002044,4453834,0.9976538559094231,0.9995860343795689,5.905609840439004e-06,0.9370900392532349,1227,0,5,953162,1.0,0.9959415584415584,0.9979666531110207,0.9979660986528147,1227,0.0012856325584611806,773.7010836478753,0.004058441558441558,3868.5054182393765,0.0032134907957788897,2373.7149246316817,0.08116883116883117,1.0,0.40584415584415584,1.0,0.8116883116883117,1.0,0.997564935064935,0.2458
xgboost,C,unweighted,decision,ner_optimal,val,42,full,155.43084830002044,4453834,0.9972449792292991,0.9988732540645389,4.229217113348347e-06,0.9370900392532349,1228,0,4,953160,1.0,0.9967532467532467,0.9983739837398374,0.9983732086894213,1228,0.0012866830400925407,773.7010836478753,0.003246753246753247,3094.804334591501,0.0033451941257325937,2526.907739193961,0.08116883116883117,1.0,0.40584415584415584,1.0,0.8116883116883117,1.0,0.9983766233766234,0.246
xgboost,C,unweighted,decision,ner_optimal,test,42,full,155.43084830002044,4453834,0.9976538559094231,0.9995860343795689,5.905609840439004e-06,0.9370900392532349,1227,0,5,953162,1.0,0.9959415584415584,0.9979666531110207,0.9979660986528147,1227,0.0012856325584611806,773.7010836478753,0.004058441558441558,3868.5054182393765,0.0032134907957788897,2373.7149246316817,0.08116883116883117,1.0,0.40584415584415584,1.0,0.8116883116883117,1.0,0.997564935064935,0.2458
logistic_regression,A,unweighted,none,fixed,val,42,no_error_features,16.036368300003232,4453834,0.7772002250069149,0.9924259830458685,0.00046047266747501733,0.5,764,29,468,953131,0.9634300126103404,0.6201298701298701,0.7545679012345679,0.7727341641764949,793,0.0008308954811021048,773.7010836478753,0.37990055371408765,362121.1071472055,0.3132964626321087,236659.2868250335,0.08035714285714286,0.99,0.400974025974026,0.988,0.7012987012987013,0.864,0.8506493506493507,0.2096
logistic_regression,A,unweighted,none,fixed,test,42,no_error_features,16.036368300003232,4453834,0.7671946124756107,0.9915851297282916,0.0004816592743337808,0.5,736,21,496,953141,0.9722589167767504,0.5974025974025974,0.7400703871292107,0.7619041117256451,757,0.0007931734692380715,773.7010836478753,0.4026194336568203,383776.73748934607,0.33573033309613,247994.51841239497,0.08116883116883117,1.0,0.40584415584415584,1.0,0.685064935064935,0.844,0.8425324675324676,0.2076
logistic_regression,B,unweighted,decision,youden,val,42,no_error_features,16.036368300003232,4453834,0.7772002250069149,0.9924259830458685,0.00046047266747501733,0.002953277202323079,1151,27584,81,925576,0.04005568122498695,0.9342532467532467,0.07681783294957786,0.1902202352421495,28735,0.030108173580667065,773.7010836478753,0.09468507434105364,90253.78777547789,0.08505971528790393,64252.7891584074,0.08035714285714286,0.99,0.400974025974026,0.988,0.7012987012987013,0.864,0.8506493506493507,0.2096
logistic_regression,B,unweighted,decision,youden,test,42,no_error_features,16.036368300003232,4453834,0.7671946124756107,0.9915851297282916,0.0004816592743337808,0.002953277202323079,1140,27456,92,925706,0.03986571548468317,0.9253246753246753,0.07643824594340888,0.18881552045735053,28596,0.029962468330689423,773.7010836478753,0.1034793612169833,98636.4996956045,0.09385904110536901,69331.02375027395,0.08116883116883117,1.0,0.40584415584415584,1.0,0.685064935064935,0.844,0.8425324675324676,0.2076
logistic_regression,C,unweighted,decision,ner_optimal,val,42,no_error_features,16.036368300003232,4453834,0.7772002250069149,0.9924259830458685,0.00046047266747501733,0.002953277202323079,1151,27584,81,925576,0.04005568122498695,0.9342532467532467,0.07681783294957786,0.1902202352421495,28735,0.030108173580667065,773.7010836478753,0.09468507434105364,90253.78777547789,0.08505971528790393,64252.7891584074,0.08035714285714286,0.99,0.400974025974026,0.988,0.7012987012987013,0.864,0.8506493506493507,0.2096
logistic_regression,C,unweighted,decision,ner_optimal,test,42,no_error_features,16.036368300003232,4453834,0.7671946124756107,0.9915851297282916,0.0004816592743337808,0.002953277202323079,1140,27456,92,925706,0.03986571548468317,0.9253246753246753,0.07643824594340888,0.18881552045735053,28596,0.029962468330689423,773.7010836478753,0.1034793612169833,98636.4996956045,0.09385904110536901,69331.02375027395,0.08116883116883117,1.0,0.40584415584415584,1.0,0.685064935064935,0.844,0.8425324675324676,0.2076
decision_tree,A,unweighted,none,fixed,val,42,no_error_features,93.98374589998275,4453834,0.7868047637075122,0.9774895355769435,0.0003703327439606803,0.5,873,39,359,953121,0.9572368421052632,0.7086038961038961,0.8143656716417911,0.8234050060902124,912,0.0009555821926420171,773.7010836478753,0.2914370187207369,277797.6890295872,0.24019170549995383,181437.0875666626,0.08116883116883117,1.0,0.4025974025974026,0.992,0.7329545454545454,0.903,0.8246753246753247,0.2032
decision_tree,A,unweighted,none,fixed,test,42,no_error_features,93.98374589998275,4453834,0.7608193196665555,0.9734424820931626,0.00039876696765312153,0.5,851,36,381,953126,0.9594137542277339,0.6907467532467533,0.8032090608777726,0.8138794184768401,887,0.000929385557746591,773.7010836478753,0.3092910142836772,294816.11286984046,0.2526544602869836,186628.71664227446,0.08116883116883117,1.0,0.4042207792207792,0.996,0.7256493506493507,0.894,0.799512987012987,0.197
decision_tree,B,unweighted,decision,youden,val,42,no_error_features,93.98374589998275,4453834,0.7868047637075122,0.9774895355769435,0.0003703327439606803,0.005112830549478531,1094,18376,138,934784,0.056189008731381614,0.887987012987013,0.10569027147135543,0.22064363583440993,19470,0.02040042246791675,773.7010836478753,0.13129121310162042,125146.74954340678,0.11789379217719939,89055.1413934007,0.08116883116883117,1.0,0.4025974025974026,0.992,0.7329545454545454,0.903,0.8246753246753247,0.2032
decision_tree,B,unweighted,decision,youden,test,42,no_error_features,93.98374589998275,4453834,0.7608193196665555,0.9734424820931626,0.00039876696765312153,0.005112830549478531,1070,18076,162,935086,0.05588634701765382,0.8685064935064936,0.10501521248405143,0.2175561039969513,19146,0.02006089728141627,773.7010836478753,0.15045700316188576,143415.57555095578,0.13698607231971854,101187.74410653842,0.08116883116883117,1.0,0.4042207792207792,0.996,0.7256493506493507,0.894,0.799512987012987,0.197
decision_tree,C,unweighted,decision,ner_optimal,val,42,no_error_features,93.98374589998275,4453834,0.7868047637075122,0.9774895355769435,0.0003703327439606803,0.005112830549478531,1094,18376,138,934784,0.056189008731381614,0.887987012987013,0.10569027147135543,0.22064363583440993,19470,0.02040042246791675,773.7010836478753,0.13129121310162042,125146.74954340678,0.11789379217719939,89055.1413934007,0.08116883116883117,1.0,0.4025974025974026,0.992,0.7329545454545454,0.903,0.8246753246753247,0.2032
decision_tree,C,unweighted,decision,ner_optimal,test,42,no_error_features,93.98374589998275,4453834,0.7608193196665555,0.9734424820931626,0.00039876696765312153,0.005112830549478531,1070,18076,162,935086,0.05588634701765382,0.8685064935064936,0.10501521248405143,0.2175561039969513,19146,0.02006089728141627,773.7010836478753,0.15045700316188576,143415.57555095578,0.13698607231971854,101187.74410653842,0.08116883116883117,1.0,0.4042207792207792,0.996,0.7256493506493507,0.894,0.799512987012987,0.197
random_forest,A,unweighted,none,fixed,val,42,no_error_features,242.17234930000268,4453834,0.9223504746295268,0.9992891174394345,0.0002454123011813711,0.5,979,12,253,953148,0.987891019172553,0.7946428571428571,0.880791722896986,0.8858878242120509,991,0.001038357404504648,773.7010836478753,0.205369732033953,195758.37416291243,0.15486273013914423,116980.90352696943,0.08116883116883117,1.0,0.40584415584415584,1.0,0.8011363636363636,0.987,0.9691558441558441,0.2388
random_forest,A,unweighted,none,fixed,test,42,no_error_features,242.17234930000268,4453834,0.9148527645492422,0.9989337467354386,0.00027661849068325056,0.5,933,8,299,953154,0.9914984059511158,0.7573051948051948,0.8587206626783249,0.8663839135747778,941,0.0009859659637424375,773.7010836478753,0.2427031979793453,231344.6240107147,0.182615245133995,134892.7258199196,0.08116883116883117,1.0,0.40584415584415584,1.0,0.7897727272727273,0.973,0.9715909090909091,0.2394
random_forest,B,unweighted,decision,youden,val,42,no_error_features,242.17234930000268,4453834,0.9223504746295268,0.9992891174394345,0.0002454123011813711,0.0033598437439650297,1223,11691,9,941469,0.09470342264209385,0.9926948051948052,0.17291107026721333,0.3046976155411312,12914,0.013531127670810317,773.7010836478753,0.019570200312498533,18654.30975283088,0.021480004409385994,16225.662051260197,0.08116883116883117,1.0,0.40584415584415584,1.0,0.8011363636363636,0.987,0.9691558441558441,0.2388
random_forest,B,unweighted,decision,youden,test,42,no_error_features,242.17234930000268,4453834,0.9148527645492422,0.9989337467354386,0.00027661849068325056,0.0033598437439650297,1225,11645,7,941517,0.09518259518259518,0.9943181818181818,0.17373422209615658,0.30573128002199096,12870,0.013484996762343434,773.7010836478753,0.017898565178016274,17060.907585535126,0.019642339206908846,14509.241411664434,0.08116883116883117,1.0,0.40584415584415584,1.0,0.7897727272727273,0.973,0.9715909090909091,0.2394
random_forest,C,unweighted,decision,ner_optimal,val,42,no_error_features,242.17234930000268,4453834,0.9223504746295268,0.9992891174394345,0.0002454123011813711,0.0033598437439650297,1223,11691,9,941469,0.09470342264209385,0.9926948051948052,0.17291107026721333,0.3046976155411312,12914,0.013531127670810317,773.7010836478753,0.019570200312498533,18654.30975283088,0.021480004409385994,16225.662051260197,0.08116883116883117,1.0,0.40584415584415584,1.0,0.8011363636363636,0.987,0.9691558441558441,0.2388
random_forest,C,unweighted,decision,ner_optimal,test,42,no_error_features,242.17234930000268,4453834,0.9148527645492422,0.9989337467354386,0.00027661849068325056,0.0033598437439650297,1225,11645,7,941517,0.09518259518259518,0.9943181818181818,0.17373422209615658,0.30573128002199096,12870,0.013484996762343434,773.7010836478753,0.017898565178016274,17060.907585535126,0.019642339206908846,14509.241411664434,0.08116883116883117,1.0,0.40584415584415584,1.0,0.7897727272727273,0.973,0.9715909090909091,0.2394
xgboost,A,unweighted,none,fixed,val,42,no_error_features,153.43323639998562,4453834,0.9682848800897055,0.9997781188567297,0.00015273867090648995,0.5,1078,29,154,953131,0.973803071364047,0.875,0.9217614365113296,0.9229879256905217,1107,0.0011599007535687642,773.7010836478753,0.12503042384395788,119178.96688177278,0.09370894780611819,70786.28520284915,0.08116883116883117,1.0,0.4050324675324675,0.998,0.8068181818181818,0.994,0.9959415584415584,0.2454
xgboost,A,unweighted,none,fixed,test,42,no_error_features,153.43323639998562,4453834,0.967568639399133,0.999016007540398,0.00016725603503869223,0.5,1055,24,177,953138,0.9777571825764597,0.8563311688311688,0.9130246646473388,0.9149318789712791,1079,0.0011305603346207123,773.7010836478753,0.14369400952245148,136969.0918056739,0.1070371255928778,79065.30270546695,0.08116883116883117,1.0,0.40584415584415584,1.0,0.8068181818181818,0.994,0.9935064935064936,0.2448
xgboost,B,unweighted,decision,youden,val,42,no_error_features,153.43323639998562,4453834,0.9682848800897055,0.9997781188567297,0.00015273867090648995,0.004650717601180077,1227,2789,5,950371,0.30552788844621515,0.9959415584415584,0.46760670731707316,0.5508073212814613,4016,0.004207914567599058,773.7010836478753,0.0069843760687375205,6657.505418239376,0.007522847201328886,5682.6420528430535,0.08116883116883117,1.0,0.4050324675324675,0.998,0.8068181818181818,0.994,0.9959415584415584,0.2454
xgboost,B,unweighted,decision,youden,test,42,no_error_features,153.43323639998562,4453834,0.967568639399133,0.999016007540398,0.00016725603503869223,0.004650717601180077,1224,2787,8,950375,0.3051608077786088,0.9935064935064936,0.466908258630555,0.5497987178332261,4011,0.004202666823135938,773.7010836478753,0.009417342807667428,8976.608669183002,0.009274048903135742,6850.4780913186405,0.08116883116883117,1.0,0.40584415584415584,1.0,0.8068181818181818,0.994,0.9935064935064936,0.2448
xgboost,C,unweighted,decision,ner_optimal,val,42,no_error_features,153.43323639998562,4453834,0.9682848800897055,0.9997781188567297,0.00015273867090648995,0.004650717601180077,1227,2789,5,950371,0.30552788844621515,0.9959415584415584,0.46760670731707316,0.5508073212814613,4016,0.004207914567599058,773.7010836478753,0.0069843760687375205,6657.505418239376,0.007522847201328886,5682.6420528430535,0.08116883116883117,1.0,0.4050324675324675,0.998,0.8068181818181818,0.994,0.9959415584415584,0.2454
xgboost,C,unweighted,decision,ner_optimal,test,42,no_error_features,153.43323639998562,4453834,0.967568639399133,0.999016007540398,0.00016725603503869223,0.004650717601180077,1224,2787,8,950375,0.3051608077786088,0.9935064935064936,0.466908258630555,0.5497987178332261,4011,0.004202666823135938,773.7010836478753,0.009417342807667428,8976.608669183002,0.009274048903135742,6850.4780913186405,0.08116883116883117,1.0,0.40584415584415584,1.0,0.8068181818181818,0.994,0.9935064935064936,0.2448
logistic_regression,A,unweighted,none,fixed,val,42,no_origin_balance,9.888451300008455,4453834,0.5422539210330158,0.9578038841784238,0.0007761498552311428,0.5,443,30,789,953130,0.9365750528541226,0.35957792207792205,0.5196480938416422,0.5800386602485668,473,0.0004956034836838532,773.7010836478753,0.6404535508641032,610480.1549981735,0.6034437008382193,455832.00869755266,0.08116883116883117,1.0,0.3717532467532468,0.916,0.502435064935065,0.619,0.6672077922077922,0.1644
logistic_regression,A,unweighted,none,fixed,test,42,no_origin_balance,9.888451300008455,4453834,0.5039687570139619,0.9545552646819798,0.0008164262003653779,0.5,420,55,812,953107,0.8842105263157894,0.3409090909090909,0.492091388400703,0.5487205518780807,475,0.000497698015704206,773.7010836478753,0.6591486094846222,628300.2799220745,0.6226914419178871,459964.58775063924,0.08116883116883117,1.0,0.3555194805194805,0.876,0.47564935064935066,0.586,0.6331168831168831,0.156
logistic_regression,B,unweighted,decision,youden,val,42,no_origin_balance,9.888451300008455,4453834,0.5422539210330158,0.9578038841784238,0.0007761498552311428,0.0020156772807240486,1032,57274,200,895886,0.017699722155524303,0.8376623376623377,0.03466693540260002,0.11657311490878769,58306,0.06109229750458931,773.7010836478753,0.22242370505644712,212014.216729575,0.21206339340501323,160189.39704358944,0.08116883116883117,1.0,0.3717532467532468,0.916,0.502435064935065,0.619,0.6672077922077922,0.1644
logistic_regression,B,unweighted,decision,youden,test,42,no_origin_balance,9.888451300008455,4453834,0.5039687570139619,0.9545552646819798,0.0008164262003653779,0.0020156772807240486,998,57146,234,896016,0.017164281783159055,0.810064935064935,0.03361627593640528,0.11260225739282739,58144,0.060922428263379694,773.7010836478753,0.24988682310120794,238192.05357360275,0.23414550374263612,172956.67300474856,0.08116883116883117,1.0,0.3555194805194805,0.876,0.47564935064935066,0.586,0.6331168831168831,0.156
logistic_regression,C,unweighted,decision,ner_optimal,val,42,no_origin_balance,9.888451300008455,4453834,0.5422539210330158,0.9578038841784238,0.0007761498552311428,0.0020156772807240486,1032,57274,200,895886,0.017699722155524303,0.8376623376623377,0.03466693540260002,0.11657311490878769,58306,0.06109229750458931,773.7010836478753,0.22242370505644712,212014.216729575,0.21206339340501323,160189.39704358944,0.08116883116883117,1.0,0.3717532467532468,0.916,0.502435064935065,0.619,0.6672077922077922,0.1644
logistic_regression,C,unweighted,decision,ner_optimal,test,42,no_origin_balance,9.888451300008455,4453834,0.5039687570139619,0.9545552646819798,0.0008164262003653779,0.0020156772807240486,998,57146,234,896016,0.017164281783159055,0.810064935064935,0.03361627593640528,0.11260225739282739,58144,0.060922428263379694,773.7010836478753,0.24988682310120794,238192.05357360275,0.23414550374263612,172956.67300474856,0.08116883116883117,1.0,0.3555194805194805,0.876,0.47564935064935066,0.586,0.6331168831168831,0.156
decision_tree,A,unweighted,none,fixed,val,42,no_origin_balance,60.61875630001305,4453834,0.7608247469900982,0.9764747791420254,0.0004008668423864359,0.5,835,9,397,953151,0.9893364928909952,0.6777597402597403,0.8044315992292871,0.8186824344198935,844,0.0008843326431906386,773.7010836478753,0.3222497016228673,307168.33020820643,0.2783943400046425,210294.76492682332,0.08116883116883117,1.0,0.40584415584415584,1.0,0.7191558441558441,0.886,0.8068181818181818,0.1988
decision_tree,A,unweighted,none,fixed,test,42,no_origin_balance,60.61875630001305,4453834,0.7297426212657876,0.9731520858721036,0.000444711466590677,0.5,803,21,429,953141,0.9745145631067961,0.6517857142857143,0.7811284046692607,0.7967810108767129,824,0.0008633750840847701,773.7010836478753,0.34823631677370337,331938.76488493837,0.30185042003215873,222968.3831607208,0.08116883116883117,1.0,0.40584415584415584,1.0,0.698051948051948,0.86,0.7840909090909091,0.1932
decision_tree,B,unweighted,decision,youden,val,42,no_origin_balance,60.61875630001305,4453834,0.7608247469900982,0.9764747791420254,0.0004008668423864359,0.003926701378077269,1094,21910,138,931250,0.04755694661797948,0.887987012987013,0.09027892391483743,0.20250582770049672,23004,0.024103303464404563,773.7010836478753,0.13499872567221416,128680.74954340678,0.12257220439501544,92589.1413934007,0.08116883116883117,1.0,0.40584415584415584,1.0,0.7191558441558441,0.886,0.8068181818181818,0.1988
decision_tree,B,unweighted,decision,youden,test,42,no_origin_balance,60.61875630001305,4453834,0.7297426212657876,0.9731520858721036,0.000444711466590677,0.003926701378077269,1072,21740,160,931422,0.046992810801332635,0.8701298701298701,0.08916985526534686,0.1991795528446559,22812,0.023902078177356522,773.7010836478753,0.15267752185787967,145532.17338366003,0.14071770083417504,103944.19273541946,0.08116883116883117,1.0,0.40584415584415584,1.0,0.698051948051948,0.86,0.7840909090909091,0.1932
decision_tree,C,unweighted,decision,ner_optimal,val,42,no_origin_balance,60.61875630001305,4453834,0.7608247469900982,0.9764747791420254,0.0004008668423864359,0.003926701378077269,1094,21910,138,931250,0.04755694661797948,0.887987012987013,0.09027892391483743,0.20250582770049672,23004,0.024103303464404563,773.7010836478753,0.13499872567221416,128680.74954340678,0.12257220439501544,92589.1413934007,0.08116883116883117,1.0,0.40584415584415584,1.0,0.7191558441558441,0.886,0.8068181818181818,0.1988
decision_tree,C,unweighted,decision,ner_optimal,test,42,no_origin_balance,60.61875630001305,4453834,0.7297426212657876,0.9731520858721036,0.000444711466590677,0.003926701378077269,1072,21740,160,931422,0.046992810801332635,0.8701298701298701,0.08916985526534686,0.1991795528446559,22812,0.023902078177356522,773.7010836478753,0.15267752185787967,145532.17338366003,0.14071770083417504,103944.19273541946,0.08116883116883117,1.0,0.40584415584415584,1.0,0.698051948051948,0.86,0.7840909090909091,0.1932
random_forest,A,unweighted,none,fixed,val,42,no_origin_balance,175.24310049999622,4453834,0.8245821532615634,0.986564506568854,0.0003526877878719097,0.5,885,21,347,953139,0.9768211920529801,0.7183441558441559,0.8278765201122544,0.8375027498282223,906,0.0009492954676904249,773.7010836478753,0.2816778752152619,268495.27602581267,0.23749356492114593,179398.954037258,0.08116883116883117,1.0,0.40584415584415584,1.0,0.7597402597402597,0.936,0.8587662337662337,0.2116
random_forest,A,unweighted,none,fixed,test,42,no_origin_balance,175.24310049999622,4453834,0.7967497221433496,0.9866973799332621,0.0003995703058644836,0.5,837,23,395,953139,0.9732558139534884,0.6793831168831169,0.8001912045889101,0.8129628897557266,860,0.0009010953547486677,773.7010836478753,0.32064101237243586,305634.9280409107,0.2738607737755281,202293.22170023134,0.08116883116883117,1.0,0.4050324675324675,0.998,0.7305194805194806,0.9,0.836038961038961,0.206
random_forest,B,unweighted,decision,youden,val,42,no_origin_balance,175.24310049999622,4453834,0.8245821532615634,0.986564506568854,0.0003526877878719097,0.0025640910025686026,1117,21023,115,932137,0.0504516711833785,0.9066558441558441,0.09558446003765189,0.2109986096216044,22140,0.023198015071375283,773.7010836478753,0.11539934451749824,109998.62461950563,0.1022619416522328,77247.08404760744,0.08116883116883117,1.0,0.40584415584415584,1.0,0.7597402597402597,0.936,0.8587662337662337,0.2116
random_forest,B,unweighted,decision,youden,test,42,no_origin_balance,175.24310049999622,4453834,0.7967497221433496,0.9866973799332621,0.0003995703058644836,0.0025640910025686026,1096,20937,136,932225,0.0497435664684791,0.8896103896103896,0.0942187835804857,0.20744438887980668,22033,0.023085853431601622,773.7010836478753,0.13235457662914663,126160.34737611104,0.11926558789924706,88098.12256605382,0.08116883116883117,1.0,0.4050324675324675,0.998,0.7305194805194806,0.9,0.836038961038961,0.206
random_forest,C,unweighted,decision,ner_optimal,val,42,no_origin_balance,175.24310049999622,4453834,0.8245821532615634,0.986564506568854,0.0003526877878719097,0.0025640910025686026,1117,21023,115,932137,0.0504516711833785,0.9066558441558441,0.09558446003765189,0.2109986096216044,22140,0.023198015071375283,773.7010836478753,0.11539934451749824,109998.62461950563,0.1022619416522328,77247.08404760744,0.08116883116883117,1.0,0.40584415584415584,1.0,0.7597402597402597,0.936,0.8587662337662337,0.2116
random_forest,C,unweighted,decision,ner_optimal,test,42,no_origin_balance,175.24310049999622,4453834,0.7967497221433496,0.9866973799332621,0.0003995703058644836,0.0025640910025686026,1096,20937,136,932225,0.0497435664684791,0.8896103896103896,0.0942187835804857,0.20744438887980668,22033,0.023085853431601622,773.7010836478753,0.13235457662914663,126160.34737611104,0.11926558789924706,88098.12256605382,0.08116883116883117,1.0,0.4050324675324675,0.998,0.7305194805194806,0.9,0.836038961038961,0.206
xgboost,A,unweighted,none,fixed,val,42,no_origin_balance,122.60443000000669,4453834,0.8481750124473958,0.9855091044048695,0.0002872703457763005,0.5,958,16,274,953144,0.9835728952772074,0.7775974025974026,0.8685403445149592,0.8744047984218761,974,0.0010205450171418035,773.7010836478753,0.22241938297167763,212010.09691951782,0.18257188666603863,137911.97043747717,0.08116883116883117,1.0,0.40584415584415584,1.0,0.7857142857142857,0.968,0.8733766233766234,0.2152
xgboost,A,unweighted,none,fixed,test,42,no_origin_balance,122.60443000000669,4453834,0.817257678698113,0.9851784403883104,0.00033685471755567106,0.5,913,24,319,953138,0.9743863393810032,0.7410714285714286,0.8418626094974643,0.849598380869905,937,0.0009817748225575602,773.7010836478753,0.2589537497821917,246834.64568367216,0.21389093166268844,157995.19245488857,0.08116883116883117,1.0,0.40584415584415584,1.0,0.7589285714285714,0.935,0.8474025974025974,0.2088
xgboost,B,unweighted,decision,youden,val,42,no_origin_balance,122.60443000000669,4453834,0.8481750124473958,0.9855091044048695,0.0002872703457763005,0.0019162173848599195,1114,17992,118,935168,0.058306291217418614,0.9042207792207793,0.10954862818369554,0.22695696083590122,19106,0.020019027820853484,773.7010836478753,0.11465459320992887,109288.72787044925,0.10189266580489753,76968.13880214293,0.08116883116883117,1.0,0.40584415584415584,1.0,0.7857142857142857,0.968,0.8733766233766234,0.2152
xgboost,B,unweighted,decision,youden,test,42,no_origin_balance,122.60443000000669,4453834,0.817257678698113,0.9851784403883104,0.00033685471755567106,0.0019162173848599195,1093,17683,139,935479,0.05821261184490839,0.8871753246753247,0.1092562974810076,0.224579138029712,18776,0.0196732167218151,773.7010836478753,0.13137587645252166,125227.45062705466,0.11569832128571757,85463.08343297211,0.08116883116883117,1.0,0.40584415584415584,1.0,0.7589285714285714,0.935,0.8474025974025974,0.2088
xgboost,C,unweighted,decision,ner_optimal,val,42,no_origin_balance,122.60443000000669,4453834,0.8481750124473958,0.9855091044048695,0.0002872703457763005,0.0019162173848599195,1114,17992,118,935168,0.058306291217418614,0.9042207792207793,0.10954862818369554,0.22695696083590122,19106,0.020019027820853484,773.7010836478753,0.11465459320992887,109288.72787044925,0.10189266580489753,76968.13880214293,0.08116883116883117,1.0,0.40584415584415584,1.0,0.7857142857142857,0.968,0.8733766233766234,0.2152
xgboost,C,unweighted,decision,ner_optimal,test,42,no_origin_balance,122.60443000000669,4453834,0.817257678698113,0.9851784403883104,0.00033685471755567106,0.0019162173848599195,1093,17683,139,935479,0.05821261184490839,0.8871753246753247,0.1092562974810076,0.224579138029712,18776,0.0196732167218151,773.7010836478753,0.13137587645252166,125227.45062705466,0.11569832128571757,85463.08343297211,0.08116883116883117,1.0,0.40584415584415584,1.0,0.7589285714285714,0.935,0.8474025974025974,0.2088
logistic_regression,A,unweighted,none,fixed,val,42,transaction_only,8.356768400000874,4453834,0.09381649594761456,0.9128300347190997,0.0012270110863805649,0.5,7,3,1225,953157,0.7,0.005681818181818182,0.011272141706924315,0.06299032190650093,10,1.0477874919320363e-05,773.7010836478753,0.9943213291123842,947786.8274686472,0.9928424291337704,749977.7662167295,0.037337662337662336,0.46,0.11607142857142858,0.286,0.15503246753246752,0.191,0.2840909090909091,0.07
logistic_regression,A,unweighted,none,fixed,test,42,transaction_only,8.356768400000874,4453834,0.0783788521397837,0.9060978449528088,0.0012356678131741857,0.5,8,2,1224,953160,0.8,0.006493506493506494,0.01288244766505636,0.07200556452989693,10,1.047785296219381e-05,773.7010836478753,0.9935085917026285,947012.1263849994,0.9916275209904825,732487.2532208693,0.030844155844155844,0.38,0.09902597402597403,0.244,0.13717532467532467,0.169,0.2800324675324675,0.069
logistic_regression,B,unweighted,decision,youden,val,42,transaction_only,8.356768400000874,4453834,0.09381649594761456,0.9128300347190997,0.0012270110863805649,0.0015043186722323298,998,161935,234,791225,0.006125217113782966,0.810064935064935,0.01215849907105656,0.06108946220762666,162933,0.17071915942296248,773.7010836478753,0.35982076049791056,342981.05357360275,0.3741200960882184,282604.51581005723,0.037337662337662336,0.46,0.11607142857142858,0.286,0.15503246753246752,0.191,0.2840909090909091,0.07
logistic_regression,B,unweighted,decision,youden,test,42,transaction_only,8.356768400000874,4453834,0.0783788521397837,0.9060978449528088,0.0012356678131741857,0.0015043186722323298,959,161144,273,792018,0.005915991684299488,0.7784090909090909,0.011742737319006949,0.05826599607061417,162103,0.16984913987305034,773.7010836478753,0.3906467680823514,372364.39583586995,0.3960070368718289,292519.21770449285,0.030844155844155844,0.38,0.09902597402597403,0.244,0.13717532467532467,0.169,0.2800324675324675,0.069
logistic_regression,C,unweighted,decision,ner_optimal,val,42,transaction_only,8.356768400000874,4453834,0.09381649594761456,0.9128300347190997,0.0012270110863805649,0.0015043186722323298,998,161935,234,791225,0.006125217113782966,0.810064935064935,0.01215849907105656,0.06108946220762666,162933,0.17071915942296248,773.7010836478753,0.35982076049791056,342981.05357360275,0.3741200960882184,282604.51581005723,0.037337662337662336,0.46,0.11607142857142858,0.286,0.15503246753246752,0.191,0.2840909090909091,0.07
logistic_regression,C,unweighted,decision,ner_optimal,test,42,transaction_only,8.356768400000874,4453834,0.0783788521397837,0.9060978449528088,0.0012356678131741857,0.0015043186722323298,959,161144,273,792018,0.005915991684299488,0.7784090909090909,0.011742737319006949,0.05826599607061417,162103,0.16984913987305034,773.7010836478753,0.3906467680823514,372364.39583586995,0.3960070368718289,292519.21770449285,0.030844155844155844,0.38,0.09902597402597403,0.244,0.13717532467532467,0.169,0.2800324675324675,0.069
decision_tree,A,unweighted,none,fixed,val,42,transaction_only,39.90872279999894,4453834,0.39955474651136547,0.9581896179379814,0.0009199394626966617,0.5,290,34,942,953126,0.8950617283950617,0.2353896103896104,0.37275064267352187,0.4587198785593752,324,0.00033948314738597974,773.7010836478753,0.7646460589446848,728860.4207962983,0.7135269824012185,538987.2115593571,0.08116883116883117,1.0,0.299512987012987,0.738,0.3977272727272727,0.49,0.5641233766233766,0.139
decision_tree,A,unweighted,none,fixed,test,42,transaction_only,39.90872279999894,4453834,0.3821755883916551,0.9542948421749324,0.0009401479872989072,0.5,278,55,954,953107,0.8348348348348348,0.22564935064935066,0.35527156549520766,0.43371210376237157,333,0.0003489125036410539,773.7010836478753,0.7744083497443623,738165.8338000728,0.7149808446254731,528136.1639319372,0.08116883116883117,1.0,0.288961038961039,0.712,0.3969155844155844,0.489,0.5430194805194806,0.1338
decision_tree,B,unweighted,decision,youden,val,42,transaction_only,39.90872279999894,4453834,0.39955474651136547,0.9581896179379814,0.0009199394626966617,0.0015805206494405866,1100,101781,132,851379,0.01069196450267785,0.8928571428571429,0.021130886632793215,0.09101002088350567,102881,0.10779742495745982,773.7010836478753,0.21392110755247826,203909.54304151953,0.22408786051447288,169272.49292877148,0.08116883116883117,1.0,0.299512987012987,0.738,0.3977272727272727,0.49,0.5641233766233766,0.139
decision_tree,B,unweighted,decision,youden,test,42,transaction_only,39.90872279999894,4453834,0.3821755883916551,0.9542948421749324,0.0009401479872989072,0.0015805206494405866,1077,100497,155,852665,0.010603107094335165,0.8741883116883117,0.020952084508686263,0.08950669709319467,101574,0.10642774367818741,773.7010836478753,0.2312428968026217,220420.66796542064,0.2456144427566367,181428.4544528187,0.08116883116883117,1.0,0.288961038961039,0.712,0.3969155844155844,0.489,0.5430194805194806,0.1338
decision_tree,C,unweighted,decision,ner_optimal,val,42,transaction_only,39.90872279999894,4453834,0.39955474651136547,0.9581896179379814,0.0009199394626966617,0.0015805206494405866,1100,101781,132,851379,0.01069196450267785,0.8928571428571429,0.021130886632793215,0.09101002088350567,102881,0.10779742495745982,773.7010836478753,0.21392110755247826,203909.54304151953,0.22408786051447288,169272.49292877148,0.08116883116883117,1.0,0.299512987012987,0.738,0.3977272727272727,0.49,0.5641233766233766,0.139
decision_tree,C,unweighted,decision,ner_optimal,test,42,transaction_only,39.90872279999894,4453834,0.3821755883916551,0.9542948421749324,0.0009401479872989072,0.0015805206494405866,1077,100497,155,852665,0.010603107094335165,0.8741883116883117,0.020952084508686263,0.08950669709319467,101574,0.10642774367818741,773.7010836478753,0.2312428968026217,220420.66796542064,0.2456144427566367,181428.4544528187,0.08116883116883117,1.0,0.288961038961039,0.712,0.3969155844155844,0.489,0.5430194805194806,0.1338
random_forest,A,unweighted,none,fixed,val,42,transaction_only,175.13258679999853,4453834,0.5372481631244143,0.9698368534254891,0.0008029573170984155,0.5,387,21,845,953139,0.9485294117647058,0.31412337662337664,0.4719512195121951,0.5455787253456984,408,0.0004274972967082708,773.7010836478753,0.6858986544360409,653798.4156824544,0.6428110510886761,485569.4942605625,0.08116883116883117,1.0,0.3587662337662338,0.884,0.5008116883116883,0.617,0.6688311688311688,0.1648
random_forest,A,unweighted,none,fixed,test,42,transaction_only,175.13258679999853,4453834,0.5082481523131688,0.9694031852034964,0.0008292445336545939,0.5,371,40,861,953122,0.902676399026764,0.30113636363636365,0.45161290322580644,0.5210749079836113,411,0.00043063975674616564,773.7010836478753,0.6989056002863369,666196.6330208206,0.6450891089609752,476509.11204395466,0.08116883116883117,1.0,0.3457792207792208,0.852,0.4805194805194805,0.592,0.6428571428571429,0.1584
random_forest,B,unweighted,decision,youden,val,42,transaction_only,175.13258679999853,4453834,0.5372481631244143,0.9698368534254891,0.0008029573170984155,0.000989639083854854,1132,102906,100,850254,0.010880639766239259,0.9188311688311688,0.021506602070865393,0.09342059756124092,104038,0.1090097150856252,773.7010836478753,0.1891273169044053,180276.1083647875,0.20670642226697572,156142.824163643,0.08116883116883117,1.0,0.3587662337662338,0.884,0.5008116883116883,0.617,0.6688311688311688,0.1648
random_forest,B,unweighted,decision,youden,test,42,transaction_only,175.13258679999853,4453834,0.5082481523131688,0.9694031852034964,0.0008292445336545939,0.000989639083854854,1122,101667,110,851495,0.010915564895076321,0.9107142857142857,0.0215725670778016,0.09312796432803166,102789,0.10770080281309397,773.7010836478753,0.19594436751563882,186774.11920126627,0.21432293150306847,158314.29854036283,0.08116883116883117,1.0,0.3457792207792208,0.852,0.4805194805194805,0.592,0.6428571428571429,0.1584
random_forest,C,unweighted,decision,ner_optimal,val,42,transaction_only,175.13258679999853,4453834,0.5372481631244143,0.9698368534254891,0.0008029573170984155,0.000989639083854854,1132,102906,100,850254,0.010880639766239259,0.9188311688311688,0.021506602070865393,0.09342059756124092,104038,0.1090097150856252,773.7010836478753,0.1891273169044053,180276.1083647875,0.20670642226697572,156142.824163643,0.08116883116883117,1.0,0.3587662337662338,0.884,0.5008116883116883,0.617,0.6688311688311688,0.1648
random_forest,C,unweighted,decision,ner_optimal,test,42,transaction_only,175.13258679999853,4453834,0.5082481523131688,0.9694031852034964,0.0008292445336545939,0.000989639083854854,1122,101667,110,851495,0.010915564895076321,0.9107142857142857,0.0215725670778016,0.09312796432803166,102789,0.10770080281309397,773.7010836478753,0.19594436751563882,186774.11920126627,0.21432293150306847,158314.29854036283,0.08116883116883117,1.0,0.3457792207792208,0.852,0.4805194805194805,0.592,0.6428571428571429,0.1584
xgboost,A,unweighted,none,fixed,val,42,transaction_only,112.20575409999583,4453834,0.6062297895899652,0.9743571664628333,0.0006756012995586753,0.5,566,44,666,953116,0.9278688524590164,0.4594155844155844,0.6145494028230185,0.6526207271073907,610,0.0006391503700785421,773.7010836478753,0.5406305758993861,515328.9217094848,0.49744334321532335,375760.9832302447,0.08116883116883117,1.0,0.3969155844155844,0.978,0.5592532467532467,0.689,0.6939935064935064,0.171
xgboost,A,unweighted,none,fixed,test,42,transaction_only,112.20575409999583,4453834,0.5696852031609388,0.9720728022426081,0.0007219961272528808,0.5,531,43,701,953119,0.9250871080139372,0.4310064935064935,0.5880398671096345,0.6311577351277287,574,0.0006014287600299247,773.7010836478753,0.5690386177104094,542407.4596371604,0.5228715881737931,386230.4799952514,0.08116883116883117,1.0,0.39204545454545453,0.966,0.525974025974026,0.648,0.672077922077922,0.1656
xgboost,B,unweighted,decision,youden,val,42,transaction_only,112.20575409999583,4453834,0.6062297895899652,0.9743571664628333,0.0006756012995586753,0.0013636733638122678,1098,71855,134,881305,0.015050786122572067,0.8912337662337663,0.02960167149693334,0.11025026274073488,72953,0.07643924089891785,773.7010836478753,0.1841491754074372,175530.94520881528,0.19561784086663944,147766.68182211128,0.08116883116883117,1.0,0.3969155844155844,0.978,0.5592532467532467,0.689,0.6939935064935064,0.171
xgboost,B,unweighted,decision,youden,test,42,transaction_only,112.20575409999583,4453834,0.5696852031609388,0.9720728022426081,0.0007219961272528808,0.0013636733638122678,1086,71074,146,882088,0.015049889135254988,0.8814935064935064,0.02959450621321125,0.10959299134087121,72160,0.07560818697519053,773.7010836478753,0.19307008955696867,184034.35821258978,0.20341182050767018,150254.56890052356,0.08116883116883117,1.0,0.39204545454545453,0.966,0.525974025974026,0.648,0.672077922077922,0.1656
xgboost,C,unweighted,decision,ner_optimal,val,42,transaction_only,112.20575409999583,4453834,0.6062297895899652,0.9743571664628333,0.0006756012995586753,0.0013636733638122678,1098,71855,134,881305,0.015050786122572067,0.8912337662337663,0.02960167149693334,0.11025026274073488,72953,0.07643924089891785,773.7010836478753,0.1841491754074372,175530.94520881528,0.19561784086663944,147766.68182211128,0.08116883116883117,1.0,0.3969155844155844,0.978,0.5592532467532467,0.689,0.6939935064935064,0.171
xgboost,C,unweighted,decision,ner_optimal,test,42,transaction_only,112.20575409999583,4453834,0.5696852031609388,0.9720728022426081,0.0007219961272528808,0.0013636733638122678,1086,71074,146,882088,0.015049889135254988,0.8814935064935064,0.02959450621321125,0.10959299134087121,72160,0.07560818697519053,773.7010836478753,0.19307008955696867,184034.35821258978,0.20341182050767018,150254.56890052356,0.08116883116883117,1.0,0.39204545454545453,0.966,0.525974025974026,0.648,0.672077922077922,0.1656
