R_decision,R_train,learner,variant,ner,recall,n_flagged,threshold,training_cost_ratio_varied,sweep_layer
1.0,773.7010836478753,logistic_regression,unweighted,0.6956168831168831,0.3644480519480519,523,0.4367132186889648,False,decision
1.0,773.7010836478753,logistic_regression,weighted,1.0,0.0,0,1.0000000000000002,False,decision
1.0,773.7010836478753,logistic_regression,instance_weighted,0.935064935064935,0.0827922077922077,124,0.9999542832374572,False,decision
1.0,773.7010836478753,logistic_regression,rus,1.0,0.0,0,1.0000000000000002,False,decision
1.0,773.7010836478753,decision_tree,unweighted,0.3652597402597403,0.6517857142857143,824,0.7735849022865295,False,decision
1.0,773.7010836478753,decision_tree,weighted,0.4886363636363636,0.6599025974025974,996,0.9990532994270324,False,decision
1.0,773.7010836478753,decision_tree,instance_weighted,0.4886363636363636,0.6517857142857143,976,0.9987897872924804,False,decision
1.0,773.7010836478753,decision_tree,rus,1.0,0.0,0,1.0000000000000002,False,decision
1.0,773.7010836478753,random_forest,unweighted,0.3344155844155844,0.7102272727272727,930,0.298209011554718,False,decision
1.0,773.7010836478753,random_forest,weighted,0.3871753246753247,0.6688311688311688,893,0.7846318483352661,False,decision
1.0,773.7010836478753,random_forest,instance_weighted,0.3685064935064935,0.6655844155844156,862,0.7799702882766724,False,decision
1.0,773.7010836478753,random_forest,rus,0.4334415584415584,0.6347402597402597,866,0.9641952514648438,False,decision
1.0,773.7010836478753,xgboost,unweighted,0.2792207792207792,0.737012987012987,928,0.5426599383354187,False,decision
1.0,773.7010836478753,xgboost,weighted,0.3327922077922078,0.6834415584415584,862,0.997465968132019,False,decision
1.0,773.7010836478753,xgboost,instance_weighted,0.3222402597402597,0.6996753246753247,889,0.9942241311073304,False,decision
1.0,773.7010836478753,xgboost,rus,0.4448051948051948,0.5852272727272727,758,0.9992536902427672,False,decision
10.0,773.7010836478753,logistic_regression,unweighted,0.5491883116883117,0.5081168831168831,1332,0.1125920638442039,False,decision
10.0,773.7010836478753,logistic_regression,weighted,0.6169642857142857,0.6314935064935064,3839,0.9404294490814208,False,decision
10.0,773.7010836478753,logistic_regression,instance_weighted,0.5598214285714286,0.6266233766233766,3069,0.923934280872345,False,decision
10.0,773.7010836478753,logistic_regression,rus,0.6608766233766233,0.6363636363636364,4446,0.9337974190711976,False,decision
10.0,773.7010836478753,decision_tree,unweighted,0.3202922077922078,0.7077922077922078,1218,0.0972495079040527,False,decision
10.0,773.7010836478753,decision_tree,weighted,0.3155032467532467,0.7288961038961039,1445,0.993057370185852,False,decision
10.0,773.7010836478753,decision_tree,instance_weighted,0.312987012987013,0.7321428571428571,1458,0.9924523830413818,False,decision
10.0,773.7010836478753,decision_tree,rus,0.5289772727272727,0.6753246753246753,3349,0.989130437374115,False,decision
10.0,773.7010836478753,random_forest,unweighted,0.2757305194805194,0.7386363636363636,1087,0.1363843828439712,False,decision
10.0,773.7010836478753,random_forest,weighted,0.3040584415584416,0.7215909090909091,1205,0.6048780083656311,False,decision
10.0,773.7010836478753,random_forest,instance_weighted,0.3021915584415584,0.7191558441558441,1149,0.570713222026825,False,decision
10.0,773.7010836478753,random_forest,rus,0.3295454545454545,0.7037337662337663,1277,0.9328706860542296,False,decision
10.0,773.7010836478753,xgboost,unweighted,0.242775974025974,0.7662337662337663,1055,0.1722722947597503,False,decision
10.0,773.7010836478753,xgboost,weighted,0.2595779220779221,0.7711038961038961,1328,0.954763650894165,False,decision
10.0,773.7010836478753,xgboost,instance_weighted,0.2573051948051948,0.765422077922078,1223,0.9457007646560668,False,decision
10.0,773.7010836478753,xgboost,rus,0.3229707792207792,0.7150974025974026,1350,0.9967748522758484,False,decision
50.0,773.7010836478753,logistic_regression,unweighted,0.4383603896103896,0.6363636363636364,5387,0.0212046448141336,False,decision
50.0,773.7010836478753,logistic_regression,weighted,0.3899025974025974,0.6939935064935064,6023,0.8567006587982178,False,decision
50.0,773.7010836478753,logistic_regression,instance_weighted,0.3917045454545454,0.663961038961039,4247,0.8704836368560791,False,decision
50.0,773.7010836478753,logistic_regression,rus,0.4010551948051948,0.6996753246753247,7067,0.8537518978118896,False,decision
50.0,773.7010836478753,decision_tree,unweighted,0.2714610389610389,0.7459415584415584,1991,0.0293020773679018,False,decision
50.0,773.7010836478753,decision_tree,weighted,0.2498376623376623,0.7946428571428571,3719,0.933255672454834,False,decision
50.0,773.7010836478753,decision_tree,instance_weighted,0.2456168831168831,0.788961038961039,3102,0.9400255680084229,False,decision
50.0,773.7010836478753,decision_tree,rus,0.3131818181818182,0.7589285714285714,5377,0.959999978542328,False,decision
50.0,773.7010836478753,random_forest,unweighted,0.2061038961038961,0.8189935064935064,2555,0.025100503116846,False,decision
50.0,773.7010836478753,random_forest,weighted,0.2674188311688312,0.7451298701298701,1691,0.5165370106697083,False,decision
50.0,773.7010836478753,random_forest,instance_weighted,0.251525974025974,0.7727272727272727,2446,0.3941257894039154,False,decision
50.0,773.7010836478753,random_forest,rus,0.2782305194805194,0.7751623376623377,4244,0.8502987027168274,False,decision
50.0,773.7010836478753,xgboost,unweighted,0.196737012987013,0.8238636363636364,2284,0.0201493389904499,False,decision
50.0,773.7010836478753,xgboost,weighted,0.2152272727272727,0.8027597402597403,2097,0.8821700811386108,False,decision
50.0,773.7010836478753,xgboost,instance_weighted,0.2168181818181818,0.8068181818181818,2450,0.8018990755081177,False,decision
50.0,773.7010836478753,xgboost,rus,0.2531818181818182,0.8092532467532467,4843,0.9669417142868042,False,decision
100.0,773.7010836478753,logistic_regression,unweighted,0.3833279220779221,0.6891233766233766,9775,0.0114366430789232,False,decision
100.0,773.7010836478753,logistic_regression,weighted,0.3418019480519481,0.7159090909090909,7992,0.8246356248855591,False,decision
100.0,773.7010836478753,logistic_regression,instance_weighted,0.3404951298701298,0.713474025974026,7528,0.801304280757904,False,decision
100.0,773.7010836478753,logistic_regression,rus,0.3484902597402597,0.7118506493506493,8311,0.8354166150093079,False,decision
100.0,773.7010836478753,decision_tree,unweighted,0.2486444805194805,0.7881493506493507,5504,0.0146099822595715,False,decision
100.0,773.7010836478753,decision_tree,weighted,0.2268181818181818,0.8011363636363636,4431,0.9217970371246338,False,decision
100.0,773.7010836478753,decision_tree,instance_weighted,0.2296672077922077,0.799512987012987,4580,0.8567380905151367,False,decision
100.0,773.7010836478753,decision_tree,rus,0.2771266233766233,0.7589285714285714,5377,0.959999978542328,False,decision
100.0,773.7010836478753,random_forest,unweighted,0.1932954545454545,0.8262987012987013,3432,0.015509626828134,False,decision
100.0,773.7010836478753,random_forest,weighted,0.2505357142857143,0.762987012987013,2606,0.4626705050468445,False,decision
100.0,773.7010836478753,random_forest,instance_weighted,0.2395941558441558,0.7840909090909091,3884,0.3499553203582763,False,decision
100.0,773.7010836478753,random_forest,rus,0.2487175324675324,0.7987012987012987,6826,0.8113543391227722,False,decision
100.0,773.7010836478753,xgboost,unweighted,0.1863961038961039,0.8319805194805194,3289,0.0118460683152079,False,decision
100.0,773.7010836478753,xgboost,weighted,0.1995211038961039,0.8189935064935064,3290,0.8028237819671631,False,decision
100.0,773.7010836478753,xgboost,instance_weighted,0.1983035714285714,0.827922077922078,4251,0.6760181784629822,False,decision
100.0,773.7010836478753,xgboost,rus,0.2241152597402597,0.814935064935065,5815,0.9561155438423156,False,decision
500.0,773.7010836478753,logistic_regression,unweighted,0.2753051948051948,0.7946428571428571,44067,0.0026733386330306,False,decision
500.0,773.7010836478753,logistic_regression,weighted,0.2397970779220779,0.8214285714285714,38727,0.6261211633682251,False,decision
500.0,773.7010836478753,logistic_regression,instance_weighted,0.2535730519480519,0.8125,41702,0.5527586340904236,False,decision
500.0,773.7010836478753,logistic_regression,rus,0.2440600649350649,0.8189935064935064,39850,0.6298765540122986,False,decision
500.0,773.7010836478753,decision_tree,unweighted,0.1651623376623376,0.8701298701298701,22812,0.0039267013780772,False,decision
500.0,773.7010836478753,decision_tree,weighted,0.1646298701298701,0.8660714285714286,19979,0.726906955242157,False,decision
500.0,773.7010836478753,decision_tree,instance_weighted,0.1605373376623376,0.885551948051948,29482,0.5283392071723938,False,decision
500.0,773.7010836478753,decision_tree,rus,0.1690925324675324,0.8823051948051948,32748,0.6122449040412903,False,decision
500.0,773.7010836478753,random_forest,unweighted,0.1443782467532467,0.8896103896103896,22033,0.0025640910025686,False,decision
500.0,773.7010836478753,random_forest,weighted,0.165775974025974,0.8798701298701299,29202,0.2172229140996933,False,decision
500.0,773.7010836478753,random_forest,instance_weighted,0.159862012987013,0.887987012987013,30569,0.1492042690515518,False,decision
500.0,773.7010836478753,random_forest,rus,0.1566964285714285,0.885551948051948,27116,0.6049984693527222,False,decision
500.0,773.7010836478753,xgboost,unweighted,0.1459366883116883,0.8701298701298701,10969,0.003233632305637,False,decision
500.0,773.7010836478753,xgboost,weighted,0.1515438311688311,0.8693181818181818,13922,0.4900791347026825,False,decision
500.0,773.7010836478753,xgboost,instance_weighted,0.1588717532467532,0.8555194805194806,9919,0.4699626564979553,False,decision
500.0,773.7010836478753,xgboost,rus,0.1467564935064935,0.8847402597402597,20492,0.7630190849304199,False,decision
773.7010836478753,773.7010836478753,logistic_regression,unweighted,0.2498868231012079,0.810064935064935,58144,0.002015677280724,False,decision
773.7010836478753,773.7010836478753,logistic_regression,weighted,0.2130063622487797,0.8441558441558441,55527,0.5718259811401367,False,decision
773.7010836478753,773.7010836478753,logistic_regression,instance_weighted,0.227994102202378,0.8368506493506493,62841,0.4736462533473968,False,decision
773.7010836478753,773.7010836478753,logistic_regression,rus,0.2126218621227714,0.8482142857142857,59034,0.5665059685707092,False,decision
773.7010836478753,773.7010836478753,decision_tree,unweighted,0.1526775218578796,0.8701298701298701,22812,0.0039267013780772,False,decision
773.7010836478753,773.7010836478753,decision_tree,weighted,0.1407735886209447,0.8896103896103896,30058,0.4773277640342712,False,decision
773.7010836478753,773.7010836478753,decision_tree,instance_weighted,0.1426887114589267,0.8936688311688312,35757,0.3630135953426361,False,decision
773.7010836478753,773.7010836478753,decision_tree,rus,0.1460747781079285,0.8952922077922078,40534,0.5492957830429077,False,decision
773.7010836478753,773.7010836478753,random_forest,unweighted,0.1323545766291466,0.8896103896103896,22033,0.0025640910025686,False,decision
773.7010836478753,773.7010836478753,random_forest,weighted,0.1468106177661884,0.8936688311688312,39686,0.1929068118333816,False,decision
773.7010836478753,773.7010836478753,random_forest,instance_weighted,0.1429351525529559,0.887987012987013,30569,0.1492042690515518,False,decision
773.7010836478753,773.7010836478753,random_forest,rus,0.1399105687187269,0.9123376623376624,50927,0.4421108663082123,False,decision
773.7010836478753,773.7010836478753,xgboost,unweighted,0.1313758764525216,0.8871753246753247,18776,0.0019162173848599,False,decision
773.7010836478753,773.7010836478753,xgboost,weighted,0.1422510550296293,0.8741883116883117,16747,0.4471830129623413,False,decision
773.7010836478753,773.7010836478753,xgboost,instance_weighted,0.14639668004804,0.8676948051948052,14501,0.379707396030426,False,decision
773.7010836478753,773.7010836478753,xgboost,rus,0.135494008280446,0.885551948051948,21152,0.7540422081947327,False,decision
1000.0,773.7010836478753,logistic_regression,unweighted,0.2271469155844155,0.827922077922078,68865,0.0016911260318011,False,decision
1000.0,773.7010836478753,logistic_regression,weighted,0.2000706168831169,0.8441558441558441,55527,0.5718259811401367,False,decision
1000.0,773.7010836478753,logistic_regression,instance_weighted,0.212038961038961,0.8465909090909091,73275,0.4424445331096649,False,decision
1000.0,773.7010836478753,logistic_regression,rus,0.1988547077922078,0.8482142857142857,59034,0.5665059685707092,False,decision
1000.0,773.7010836478753,decision_tree,unweighted,0.1475162337662337,0.8701298701298701,22812,0.0039267013780772,False,decision
1000.0,773.7010836478753,decision_tree,weighted,0.1274943181818182,0.906655844155844,43190,0.4591658413410187,False,decision
1000.0,773.7010836478753,decision_tree,instance_weighted,0.1344610389610389,0.8936688311688312,35757,0.3630135953426361,False,decision
1000.0,773.7010836478753,decision_tree,rus,0.1325381493506493,0.9196428571428572,65420,0.4268292784690857,False,decision
1000.0,773.7010836478753,random_forest,unweighted,0.1161371753246753,0.922077922077922,48217,0.0008934243232943,False,decision
1000.0,773.7010836478753,random_forest,weighted,0.1381672077922077,0.8993506493506493,47330,0.1788288652896881,False,decision
1000.0,773.7010836478753,random_forest,instance_weighted,0.1359375,0.887987012987013,30569,0.1492042690515518,False,decision
1000.0,773.7010836478753,random_forest,rus,0.1280868506493506,0.9123376623376624,50927,0.4421108663082123,False,decision
1000.0,773.7010836478753,xgboost,unweighted,0.1171201298701298,0.9196428571428572,46425,0.0008026054129004,False,decision
1000.0,773.7010836478753,xgboost,weighted,0.1336793831168831,0.890422077922078,30790,0.3119533658027649,False,decision
1000.0,773.7010836478753,xgboost,instance_weighted,0.1362865259740259,0.8831168831168831,24993,0.2647092044353485,False,decision
1000.0,773.7010836478753,xgboost,rus,0.1244188311688311,0.9172077922077922,52414,0.4502962231636047,False,decision
2000.0,773.7010836478753,logistic_regression,unweighted,0.1634683441558441,0.93262987012987,237935,0.000338193407515,False,decision
2000.0,773.7010836478753,logistic_regression,weighted,0.1470409902597402,0.906655844155844,133426,0.4134901762008667,False,decision
2000.0,773.7010836478753,logistic_regression,instance_weighted,0.1648303571428571,0.8969155844155844,153247,0.2696006298065185,False,decision
2000.0,773.7010836478753,logistic_regression,rus,0.1473380681818182,0.9050324675324676,130156,0.4184539914131164,False,decision
2000.0,773.7010836478753,decision_tree,unweighted,0.1386931818181818,0.8701298701298701,22812,0.0039267013780772,False,decision
2000.0,773.7010836478753,decision_tree,weighted,0.0978165584415584,0.9642857142857144,154208,0.1637566238641739,False,decision
2000.0,773.7010836478753,decision_tree,instance_weighted,0.1008766233766233,0.9496753246753248,125730,0.1736538410186767,False,decision
2000.0,773.7010836478753,decision_tree,rus,0.0993068181818181,0.952922077922078,129866,0.2992957830429077,False,decision
2000.0,773.7010836478753,random_forest,unweighted,0.0930332792207792,0.9318181818181818,62382,0.0007127117714844,False,decision
2000.0,773.7010836478753,random_forest,weighted,0.0988125,0.9496753246753248,120644,0.1069064736366272,False,decision
2000.0,773.7010836478753,random_forest,instance_weighted,0.1014525162337662,0.926948051948052,71121,0.0928745195269584,False,decision
2000.0,773.7010836478753,random_forest,rus,0.0870616883116883,0.948051948051948,87688,0.3440666794776916,False,decision
2000.0,773.7010836478753,xgboost,unweighted,0.0923344155844155,0.9366883116883116,72666,0.0005323556251823,False,decision
2000.0,773.7010836478753,xgboost,weighted,0.1002033279220779,0.950487012987013,126072,0.0851621776819229,False,decision
2000.0,773.7010836478753,xgboost,instance_weighted,0.1082617694805194,0.9172077922077922,63887,0.1236681118607521,False,decision
2000.0,773.7010836478753,xgboost,rus,0.0963985389610389,0.9301948051948052,66672,0.3663596510887146,False,decision
5000.0,773.7010836478753,logistic_regression,unweighted,0.0847316558441558,0.9829545454545454,418158,6.735217903042212e-05,False,decision
5000.0,773.7010836478753,logistic_regression,weighted,0.0602920454545454,0.9959415584415584,347626,0.0456671826541423,False,decision
5000.0,773.7010836478753,logistic_regression,instance_weighted,0.0732050324675324,0.984577922077922,357156,0.0154634034261107,False,decision
5000.0,773.7010836478753,logistic_regression,rus,0.0616465909090909,0.99512987012987,350969,0.0719884037971496,False,decision
5000.0,773.7010836478753,decision_tree,unweighted,0.057153409090909,0.9983766233766234,343295,0.0001944541727425,False,decision
5000.0,773.7010836478753,decision_tree,weighted,0.0605551948051948,0.9642857142857144,154208,0.1637566238641739,False,decision
5000.0,773.7010836478753,decision_tree,instance_weighted,0.0622415584415584,0.9918831168831168,334630,0.0727509632706642,False,decision
5000.0,773.7010836478753,decision_tree,rus,0.0564722402597402,1.0,349101,0.1000000014901161,False,decision
5000.0,773.7010836478753,random_forest,unweighted,0.054737987012987,0.969155844155844,148380,0.0003339081886224,False,decision
5000.0,773.7010836478753,random_forest,weighted,0.055490909090909,0.9983766233766234,333054,0.0340461730957031,False,decision
5000.0,773.7010836478753,random_forest,instance_weighted,0.0606402597402597,0.9715909090909092,199741,0.0508967451751232,False,decision
5000.0,773.7010836478753,random_forest,rus,0.0553745129870129,0.987012987012987,262323,0.1507093906402588,False,decision
5000.0,773.7010836478753,xgboost,unweighted,0.0543977272727272,0.989448051948052,271309,0.0001049524144036,False,decision
5000.0,773.7010836478753,xgboost,weighted,0.0516321428571428,0.9918831168831168,269276,0.021150117740035,False,decision
5000.0,773.7010836478753,xgboost,instance_weighted,0.056313474025974,0.9967532467532468,328119,0.005105345044285,False,decision
5000.0,773.7010836478753,xgboost,rus,0.0576237012987013,0.968344155844156,161155,0.1276741772890091,False,decision
