R,learner,variant,ner,recall,n_flagged,threshold
1.0,logistic_regression,unweighted,0.6956168831168831,0.36444805194805197,523,0.43671321868896484
1.0,logistic_regression,weighted,1.0,0.0,0,1.0000000000000002
1.0,logistic_regression,instance_weighted,0.935064935064935,0.08279220779220779,124,0.9999542832374573
1.0,logistic_regression,rus,1.0,0.0,0,1.0000000000000002
1.0,decision_tree,unweighted,0.3652597402597403,0.6517857142857143,824,0.7735849022865295
1.0,decision_tree,weighted,0.48863636363636365,0.6599025974025974,996,0.9990532994270325
1.0,decision_tree,instance_weighted,0.48863636363636365,0.6517857142857143,976,0.9987897872924805
1.0,decision_tree,rus,1.0,0.0,0,1.0000000000000002
1.0,random_forest,unweighted,0.3344155844155844,0.7102272727272727,930,0.298209011554718
1.0,random_forest,weighted,0.3871753246753247,0.6688311688311688,893,0.7846318483352661
1.0,random_forest,instance_weighted,0.3685064935064935,0.6655844155844156,862,0.7799702882766724
1.0,random_forest,rus,0.43344155844155846,0.6347402597402597,866,0.9641952514648438
1.0,xgboost,unweighted,0.2792207792207792,0.737012987012987,928,0.5426599383354187
1.0,xgboost,weighted,0.3327922077922078,0.6834415584415584,862,0.997465968132019
1.0,xgboost,instance_weighted,0.3222402597402597,0.6996753246753247,889,0.9942241311073303
1.0,xgboost,rus,0.4448051948051948,0.5852272727272727,758,0.9992536902427673
10.0,logistic_regression,unweighted,0.5491883116883117,0.5081168831168831,1332,0.11259206384420395
10.0,logistic_regression,weighted,0.6169642857142857,0.6314935064935064,3839,0.9404294490814209
10.0,logistic_regression,instance_weighted,0.5598214285714286,0.6266233766233766,3069,0.923934280872345
10.0,logistic_regression,rus,0.6608766233766233,0.6363636363636364,4446,0.9337974190711975
10.0,decision_tree,unweighted,0.3202922077922078,0.7077922077922078,1218,0.09724950790405273
10.0,decision_tree,weighted,0.31550324675324676,0.7288961038961039,1445,0.993057370185852
10.0,decision_tree,instance_weighted,0.312987012987013,0.7321428571428571,1458,0.9924523830413818
10.0,decision_tree,rus,0.5289772727272727,0.6753246753246753,3349,0.989130437374115
10.0,random_forest,unweighted,0.27573051948051946,0.7386363636363636,1087,0.13638438284397125
10.0,random_forest,weighted,0.3040584415584416,0.7215909090909091,1205,0.6048780083656311
10.0,random_forest,instance_weighted,0.3021915584415584,0.7191558441558441,1149,0.570713222026825
10.0,random_forest,rus,0.32954545454545453,0.7037337662337663,1277,0.9328706860542297
10.0,xgboost,unweighted,0.24277597402597403,0.7662337662337663,1055,0.17227229475975037
10.0,xgboost,weighted,0.2595779220779221,0.7711038961038961,1328,0.954763650894165
10.0,xgboost,instance_weighted,0.2573051948051948,0.765422077922078,1223,0.9457007646560669
10.0,xgboost,rus,0.3229707792207792,0.7150974025974026,1350,0.9967748522758484
50.0,logistic_regression,unweighted,0.4383603896103896,0.6363636363636364,5387,0.021204644814133644
50.0,logistic_regression,weighted,0.3899025974025974,0.6939935064935064,6023,0.8567006587982178
50.0,logistic_regression,instance_weighted,0.39170454545454547,0.663961038961039,4247,0.8704836368560791
50.0,logistic_regression,rus,0.4010551948051948,0.6996753246753247,7067,0.8537518978118896
50.0,decision_tree,unweighted,0.27146103896103896,0.7459415584415584,1991,0.029302077367901802
50.0,decision_tree,weighted,0.24983766233766233,0.7946428571428571,3719,0.933255672454834
50.0,decision_tree,instance_weighted,0.24561688311688312,0.788961038961039,3102,0.9400255680084229
50.0,decision_tree,rus,0.3131818181818182,0.7589285714285714,5377,0.9599999785423279
50.0,random_forest,unweighted,0.2061038961038961,0.8189935064935064,2555,0.025100503116846085
50.0,random_forest,weighted,0.2674188311688312,0.7451298701298701,1691,0.5165370106697083
50.0,random_forest,instance_weighted,0.25152597402597404,0.7727272727272727,2446,0.3941257894039154
50.0,random_forest,rus,0.27823051948051947,0.7751623376623377,4244,0.8502987027168274
50.0,xgboost,unweighted,0.196737012987013,0.8238636363636364,2284,0.020149338990449905
50.0,xgboost,weighted,0.21522727272727274,0.8027597402597403,2097,0.8821700811386108
50.0,xgboost,instance_weighted,0.21681818181818183,0.8068181818181818,2450,0.8018990755081177
50.0,xgboost,rus,0.2531818181818182,0.8092532467532467,4843,0.9669417142868042
100.0,logistic_regression,unweighted,0.3833279220779221,0.6891233766233766,9775,0.011436643078923225
100.0,logistic_regression,weighted,0.3418019480519481,0.7159090909090909,7992,0.8246356248855591
100.0,logistic_regression,instance_weighted,0.34049512987012986,0.713474025974026,7528,0.801304280757904
100.0,logistic_regression,rus,0.34849025974025977,0.7118506493506493,8311,0.8354166150093079
100.0,decision_tree,unweighted,0.24864448051948052,0.7881493506493507,5504,0.014609982259571552
100.0,decision_tree,weighted,0.2268181818181818,0.8011363636363636,4431,0.9217970371246338
100.0,decision_tree,instance_weighted,0.22966720779220778,0.799512987012987,4580,0.8567380905151367
100.0,decision_tree,rus,0.27712662337662336,0.7589285714285714,5377,0.9599999785423279
100.0,random_forest,unweighted,0.19329545454545455,0.8262987012987013,3432,0.01550962682813406
100.0,random_forest,weighted,0.2505357142857143,0.762987012987013,2606,0.4626705050468445
100.0,random_forest,instance_weighted,0.23959415584415583,0.7840909090909091,3884,0.34995532035827637
100.0,random_forest,rus,0.24871753246753248,0.7987012987012987,6826,0.8113543391227722
100.0,xgboost,unweighted,0.1863961038961039,0.8319805194805194,3289,0.011846068315207958
100.0,xgboost,weighted,0.1995211038961039,0.8189935064935064,3290,0.8028237819671631
100.0,xgboost,instance_weighted,0.19830357142857144,0.827922077922078,4251,0.6760181784629822
100.0,xgboost,rus,0.22411525974025975,0.814935064935065,5815,0.9561155438423157
500.0,logistic_regression,unweighted,0.27530519480519483,0.7946428571428571,44067,0.002673338633030653
500.0,logistic_regression,weighted,0.2397970779220779,0.8214285714285714,38727,0.6261211633682251
500.0,logistic_regression,instance_weighted,0.25357305194805196,0.8125,41702,0.5527586340904236
500.0,logistic_regression,rus,0.24406006493506494,0.8189935064935064,39850,0.6298765540122986
500.0,decision_tree,unweighted,0.16516233766233765,0.8701298701298701,22812,0.003926701378077269
500.0,decision_tree,weighted,0.16462987012987013,0.8660714285714286,19979,0.726906955242157
500.0,decision_tree,instance_weighted,0.16053733766233766,0.885551948051948,29482,0.5283392071723938
500.0,decision_tree,rus,0.16909253246753247,0.8823051948051948,32748,0.6122449040412903
500.0,random_forest,unweighted,0.14437824675324676,0.8896103896103896,22033,0.0025640910025686026
500.0,random_forest,weighted,0.16577597402597402,0.8798701298701299,29202,0.2172229140996933
500.0,random_forest,instance_weighted,0.159862012987013,0.887987012987013,30569,0.14920426905155182
500.0,random_forest,rus,0.15669642857142857,0.885551948051948,27116,0.6049984693527222
500.0,xgboost,unweighted,0.14593668831168832,0.8701298701298701,10969,0.003233632305637002
500.0,xgboost,weighted,0.15154383116883116,0.8693181818181818,13922,0.4900791347026825
500.0,xgboost,instance_weighted,0.15887175324675323,0.8555194805194806,9919,0.4699626564979553
500.0,xgboost,rus,0.1467564935064935,0.8847402597402597,20492,0.7630190849304199
773.7010836478753,logistic_regression,unweighted,0.24988682310120794,0.810064935064935,58144,0.0020156772807240486
773.7010836478753,logistic_regression,weighted,0.21300636224877972,0.8441558441558441,55527,0.5718259811401367
773.7010836478753,logistic_regression,instance_weighted,0.22799410220237804,0.8368506493506493,62841,0.47364625334739685
773.7010836478753,logistic_regression,rus,0.21262186212277145,0.8482142857142857,59034,0.5665059685707092
773.7010836478753,decision_tree,unweighted,0.15267752185787967,0.8701298701298701,22812,0.003926701378077269
773.7010836478753,decision_tree,weighted,0.14077358862094477,0.8896103896103896,30058,0.47732776403427124
773.7010836478753,decision_tree,instance_weighted,0.14268871145892675,0.8936688311688312,35757,0.3630135953426361
773.7010836478753,decision_tree,rus,0.1460747781079285,0.8952922077922078,40534,0.5492957830429077
773.7010836478753,random_forest,unweighted,0.13235457662914663,0.8896103896103896,22033,0.0025640910025686026
773.7010836478753,random_forest,weighted,0.14681061776618845,0.8936688311688312,39686,0.19290681183338165
773.7010836478753,random_forest,instance_weighted,0.14293515255295597,0.887987012987013,30569,0.14920426905155182
773.7010836478753,random_forest,rus,0.13991056871872698,0.9123376623376623,50927,0.4421108663082123
773.7010836478753,xgboost,unweighted,0.13137587645252166,0.8871753246753247,18776,0.0019162173848599195
773.7010836478753,xgboost,weighted,0.14225105502962937,0.8741883116883117,16747,0.4471830129623413
773.7010836478753,xgboost,instance_weighted,0.14639668004804002,0.8676948051948052,14501,0.379707396030426
773.7010836478753,xgboost,rus,0.13549400828044608,0.885551948051948,21152,0.7540422081947327
1000.0,logistic_regression,unweighted,0.22714691558441558,0.827922077922078,68865,0.0016911260318011045
1000.0,logistic_regression,weighted,0.2000706168831169,0.8441558441558441,55527,0.5718259811401367
1000.0,logistic_regression,instance_weighted,0.21203896103896103,0.8465909090909091,73275,0.4424445331096649
1000.0,logistic_regression,rus,0.1988547077922078,0.8482142857142857,59034,0.5665059685707092
1000.0,decision_tree,unweighted,0.14751623376623377,0.8701298701298701,22812,0.003926701378077269
1000.0,decision_tree,weighted,0.1274943181818182,0.9066558441558441,43190,0.4591658413410187
1000.0,decision_tree,instance_weighted,0.13446103896103895,0.8936688311688312,35757,0.3630135953426361
1000.0,decision_tree,rus,0.13253814935064934,0.9196428571428571,65420,0.4268292784690857
1000.0,random_forest,unweighted,0.11613717532467532,0.922077922077922,48217,0.0008934243232943118
1000.0,random_forest,weighted,0.13816720779220779,0.8993506493506493,47330,0.1788288652896881
1000.0,random_forest,instance_weighted,0.1359375,0.887987012987013,30569,0.14920426905155182
1000.0,random_forest,rus,0.12808685064935066,0.9123376623376623,50927,0.4421108663082123
1000.0,xgboost,unweighted,0.11712012987012987,0.9196428571428571,46425,0.0008026054129004478
1000.0,xgboost,weighted,0.13367938311688313,0.890422077922078,30790,0.3119533658027649
1000.0,xgboost,instance_weighted,0.13628652597402596,0.8831168831168831,24993,0.2647092044353485
1000.0,xgboost,rus,0.12441883116883116,0.9172077922077922,52414,0.45029622316360474
2000.0,logistic_regression,unweighted,0.16346834415584416,0.9326298701298701,237935,0.0003381934075150639
2000.0,logistic_regression,weighted,0.14704099025974027,0.9066558441558441,133426,0.4134901762008667
2000.0,logistic_regression,instance_weighted,0.16483035714285715,0.8969155844155844,153247,0.26960062980651855
2000.0,logistic_regression,rus,0.1473380681818182,0.9050324675324676,130156,0.41845399141311646
2000.0,decision_tree,unweighted,0.13869318181818183,0.8701298701298701,22812,0.003926701378077269
2000.0,decision_tree,weighted,0.09781655844155844,0.9642857142857143,154208,0.1637566238641739
2000.0,decision_tree,instance_weighted,0.10087662337662337,0.9496753246753247,125730,0.17365384101867676
2000.0,decision_tree,rus,0.09930681818181818,0.952922077922078,129866,0.2992957830429077
2000.0,random_forest,unweighted,0.09303327922077922,0.9318181818181818,62382,0.0007127117714844644
2000.0,random_forest,weighted,0.0988125,0.9496753246753247,120644,0.1069064736366272
2000.0,random_forest,instance_weighted,0.10145251623376624,0.926948051948052,71121,0.09287451952695847
2000.0,random_forest,rus,0.08706168831168831,0.948051948051948,87688,0.34406667947769165
2000.0,xgboost,unweighted,0.09233441558441559,0.9366883116883117,72666,0.0005323556251823902
2000.0,xgboost,weighted,0.10020332792207792,0.950487012987013,126072,0.08516217768192291
2000.0,xgboost,instance_weighted,0.10826176948051948,0.9172077922077922,63887,0.1236681118607521
2000.0,xgboost,rus,0.09639853896103896,0.9301948051948052,66672,0.3663596510887146
5000.0,logistic_regression,unweighted,0.08473165584415585,0.9829545454545454,418158,6.735217903042212e-05
5000.0,logistic_regression,weighted,0.06029204545454545,0.9959415584415584,347626,0.04566718265414238
5000.0,logistic_regression,instance_weighted,0.07320503246753247,0.984577922077922,357156,0.015463403426110744
5000.0,logistic_regression,rus,0.06164659090909091,0.9951298701298701,350969,0.07198840379714966
5000.0,decision_tree,unweighted,0.05715340909090909,0.9983766233766234,343295,0.00019445417274255306
5000.0,decision_tree,weighted,0.060555194805194806,0.9642857142857143,154208,0.1637566238641739
5000.0,decision_tree,instance_weighted,0.062241558441558445,0.9918831168831169,334630,0.07275096327066422
5000.0,decision_tree,rus,0.05647224025974026,1.0,349101,0.10000000149011612
5000.0,random_forest,unweighted,0.054737987012987016,0.9691558441558441,148380,0.00033390818862244487
5000.0,random_forest,weighted,0.05549090909090909,0.9983766233766234,333054,0.034046173095703125
5000.0,random_forest,instance_weighted,0.06064025974025974,0.9715909090909091,199741,0.050896745175123215
5000.0,random_forest,rus,0.055374512987012986,0.987012987012987,262323,0.1507093906402588
5000.0,xgboost,unweighted,0.05439772727272727,0.989448051948052,271309,0.00010495241440366954
5000.0,xgboost,weighted,0.051632142857142856,0.9918831168831169,269276,0.021150117740035057
5000.0,xgboost,instance_weighted,0.056313474025974024,0.9967532467532467,328119,0.005105345044285059
5000.0,xgboost,rus,0.0576237012987013,0.9683441558441559,161155,0.1276741772890091
