learner,csl_variant,config,arm,split_seed,model_seed,baseline_model_seed,exact_seed_match,matched_by_determinism,same_test_observations,baseline_pr_auc,csl_pr_auc,delta_pr_auc,baseline_ner,csl_ner,delta_ner,R_train_baseline,R_train_csl,R_eval
decision_tree,weighted,E,core_class_constant,123,123,123,True,False,True,0.7674547839989712,0.745346620759228,-0.022108163239743184,0.18312346508637087,0.12115592814909051,-0.061967536937280354,1.0,773.7010836478753,773.7010836478753
decision_tree,weighted,E,core_class_constant,123,42,42,True,False,True,0.7660834404692739,0.7453351246651442,-0.020748315804129724,0.1831245141844384,0.12116432093363062,-0.061960193250807774,1.0,773.7010836478753,773.7010836478753
decision_tree,weighted,E,core_class_constant,123,456,456,True,False,True,0.7674547839989712,0.7453480598658605,-0.022106724133110656,0.18312346508637087,0.121154879051023,-0.06196858603534787,1.0,773.7010836478753,773.7010836478753
decision_tree,weighted,E,core_class_constant,123,789,789,True,False,True,0.7674627863245576,0.7453451821187052,-0.022117604205852404,0.1831171704979658,0.12115697724715803,-0.061960193250807774,1.0,773.7010836478753,773.7010836478753
decision_tree,weighted,E,core_class_constant,42,123,123,True,False,True,0.7297426212657876,0.7113401041369343,-0.018402517128853324,0.15267752185787967,0.14075890124799958,-0.011918620609880082,1.0,773.7010836478753,773.7010836478753
decision_tree,weighted,E,core_class_constant,42,42,42,True,False,True,0.7297426212657876,0.7113265927524011,-0.01841602851338653,0.15267752185787967,0.14077358862094477,-0.011903933236934894,1.0,773.7010836478753,773.7010836478753
decision_tree,weighted,E,core_class_constant,42,456,456,True,False,True,0.7297814974740391,0.7113362374685769,-0.018445260005462205,0.15267752185787967,0.14076309764026965,-0.01191442421761002,1.0,773.7010836478753,773.7010836478753
decision_tree,weighted,E,core_class_constant,42,789,789,True,False,True,0.7297426212657876,0.7113401041369343,-0.018402517128853324,0.15267752185787967,0.14075890124799958,-0.011918620609880082,1.0,773.7010836478753,773.7010836478753
decision_tree,weighted,E,core_class_constant,456,123,123,True,False,True,0.7511873139577037,0.7426824929247786,-0.008504821032925047,0.19305046428264805,0.13098150116244406,-0.06206896312020399,1.0,773.7010836478753,773.7010836478753
decision_tree,weighted,E,core_class_constant,456,42,42,True,False,True,0.7511850498051984,0.7427057464175726,-0.008479303387625814,0.19305151338071555,0.13098150116244406,-0.06207001221827149,1.0,773.7010836478753,773.7010836478753
decision_tree,weighted,E,core_class_constant,456,456,456,True,False,True,0.7507019534840034,0.7427057464175726,-0.007996207066430783,0.19305151338071555,0.13098150116244406,-0.06207001221827149,1.0,773.7010836478753,773.7010836478753
decision_tree,weighted,E,core_class_constant,456,789,789,True,False,True,0.7511850498051984,0.7430874199284132,-0.008097629876785195,0.19305151338071555,0.13098045206437656,-0.062071061316338993,1.0,773.7010836478753,773.7010836478753
decision_tree,weighted,E,core_class_constant,789,123,123,True,False,True,0.7571897155189382,0.744724060794993,-0.01246565472394523,0.18753125630129452,0.11712853761974158,-0.07040271868155294,1.0,773.7010836478753,773.7010836478753
decision_tree,weighted,E,core_class_constant,789,42,42,True,False,True,0.7571897155189382,0.7447227431604648,-0.012466972358473383,0.18753125630129452,0.1171295867178091,-0.07040166958348543,1.0,773.7010836478753,773.7010836478753
decision_tree,weighted,E,core_class_constant,789,456,456,True,False,True,0.7571744114532092,0.744724060794993,-0.012450350658216203,0.18753545269356456,0.11712853761974158,-0.07040691507382298,1.0,773.7010836478753,773.7010836478753
decision_tree,weighted,E,core_class_constant,789,789,789,True,False,True,0.7572455594467772,0.7447227431604648,-0.012522816286312355,0.18753545269356456,0.1171295867178091,-0.07040586597575546,1.0,773.7010836478753,773.7010836478753
decision_tree,rus,G,core_class_constant,123,123,123,True,False,True,0.7674547839989712,0.29456830928311145,-0.4728864747158597,0.18312346508637087,0.13720745354314778,-0.045916011543223084,1.0,773.7010836478753,773.7010836478753
decision_tree,rus,G,core_class_constant,123,42,42,True,False,True,0.7660834404692739,0.18160591653878735,-0.5844775239304866,0.1831245141844384,0.13985934544856288,-0.04326516873587552,1.0,773.7010836478753,773.7010836478753
decision_tree,rus,G,core_class_constant,123,456,456,True,False,True,0.7674547839989712,0.22242513110121753,-0.5450296528977536,0.18312346508637087,0.1340252255118111,-0.04909823957455978,1.0,773.7010836478753,773.7010836478753
decision_tree,rus,G,core_class_constant,123,789,789,True,False,True,0.7674627863245576,0.21045151840705006,-0.5570112679175074,0.1831171704979658,0.12959541460599858,-0.053521755891967226,1.0,773.7010836478753,773.7010836478753
decision_tree,rus,G,core_class_constant,42,123,123,True,False,True,0.7297426212657876,0.2740269250396951,-0.4557156962260925,0.15267752185787967,0.1342567853292221,-0.018420736528657555,1.0,773.7010836478753,773.7010836478753
decision_tree,rus,G,core_class_constant,42,42,42,True,False,True,0.7297426212657876,0.19354490422864157,-0.536197717037146,0.15267752185787967,0.1460747781079285,-0.006602743749951179,1.0,773.7010836478753,773.7010836478753
decision_tree,rus,G,core_class_constant,42,456,456,True,False,True,0.7297814974740391,0.2705240319715807,-0.4592574655024584,0.15267752185787967,0.14490252502211173,-0.007774996835767933,1.0,773.7010836478753,773.7010836478753
decision_tree,rus,G,core_class_constant,42,789,789,True,False,True,0.7297426212657876,0.26624486781863643,-0.46349775344715116,0.15267752185787967,0.14802758289303336,-0.004649938964846306,1.0,773.7010836478753,773.7010836478753
decision_tree,rus,G,core_class_constant,456,123,123,True,False,True,0.7511873139577037,0.26614505020371365,-0.48504226375399,0.19305046428264805,0.1335615355344989,-0.05948892874814915,1.0,773.7010836478753,773.7010836478753
decision_tree,rus,G,core_class_constant,456,42,42,True,False,True,0.7511850498051984,0.2395107397222715,-0.5116743100829269,0.19305151338071555,0.13195348483773112,-0.061098028542984434,1.0,773.7010836478753,773.7010836478753
decision_tree,rus,G,core_class_constant,456,456,456,True,False,True,0.7507019534840034,0.2657576806920043,-0.4849442727919991,0.19305151338071555,0.1363408871708525,-0.05671062620986306,1.0,773.7010836478753,773.7010836478753
decision_tree,rus,G,core_class_constant,456,789,789,True,False,True,0.7511850498051984,0.17759737162290906,-0.5735876781822893,0.19305151338071555,0.14429244607453012,-0.04875906730618543,1.0,773.7010836478753,773.7010836478753
decision_tree,rus,G,core_class_constant,789,123,123,True,False,True,0.7571897155189382,0.2809157731146192,-0.47627394240431903,0.18753125630129452,0.12745630364633795,-0.060074952654956576,1.0,773.7010836478753,773.7010836478753
decision_tree,rus,G,core_class_constant,789,42,42,True,False,True,0.7571897155189382,0.22913149885106254,-0.5280582166678757,0.18753125630129452,0.11894538156900245,-0.06858587473229208,1.0,773.7010836478753,773.7010836478753
decision_tree,rus,G,core_class_constant,789,456,456,True,False,True,0.7571744114532092,0.18991066852251645,-0.5672637429306927,0.18753545269356456,0.13069644871211875,-0.05683900398144581,1.0,773.7010836478753,773.7010836478753
decision_tree,rus,G,core_class_constant,789,789,789,True,False,True,0.7572455594467772,0.21392415243672175,-0.5433214070100554,0.18753545269356456,0.12871156653691157,-0.05882388615665299,1.0,773.7010836478753,773.7010836478753
decision_tree,instance_weighted,F,sensitivity,123,123,123,True,False,True,0.7674547839989712,0.7453063365774166,-0.02214844742155453,0.18312346508637087,0.1269087941439901,-0.05621467094238078,1.0,773.7010836478753,773.7010836478753
decision_tree,instance_weighted,F,sensitivity,123,42,42,True,False,True,0.7660834404692739,0.7452896104696469,-0.020793829999626978,0.1831245141844384,0.12692348151693528,-0.05620103266750312,1.0,773.7010836478753,773.7010836478753
decision_tree,instance_weighted,F,sensitivity,123,456,456,True,False,True,0.7674547839989712,0.7452949336791446,-0.02215985031982659,0.18312346508637087,0.12691613783046268,-0.056207327255908185,1.0,773.7010836478753,773.7010836478753
decision_tree,instance_weighted,F,sensitivity,123,789,789,True,False,True,0.7674627863245576,0.7453022369433211,-0.02216054938123646,0.1831171704979658,0.12691299053626015,-0.05620417996170565,1.0,773.7010836478753,773.7010836478753
decision_tree,instance_weighted,F,sensitivity,42,123,123,True,False,True,0.7297426212657876,0.7153773031503265,-0.014365318115461045,0.15267752185787967,0.14267822047825163,-0.00999930137962804,1.0,773.7010836478753,773.7010836478753
decision_tree,instance_weighted,F,sensitivity,42,42,42,True,False,True,0.7297426212657876,0.7153634575239174,-0.014379163741870205,0.15267752185787967,0.14268871145892675,-0.009988810398952913,1.0,773.7010836478753,773.7010836478753
decision_tree,instance_weighted,F,sensitivity,42,456,456,True,False,True,0.7297814974740391,0.7153783667075635,-0.014403130766475591,0.15267752185787967,0.1426771713801841,-0.010000350477695569,1.0,773.7010836478753,773.7010836478753
decision_tree,instance_weighted,F,sensitivity,42,789,789,True,False,True,0.7297426212657876,0.7153645174833139,-0.014378103782473728,0.15267752185787967,0.14268766236085925,-0.009989859497020415,1.0,773.7010836478753,773.7010836478753
decision_tree,instance_weighted,F,sensitivity,456,123,123,True,False,True,0.7511873139577037,0.7407649749988063,-0.010422338958897326,0.19305046428264805,0.139273583656602,-0.05377688062604605,1.0,773.7010836478753,773.7010836478753
decision_tree,instance_weighted,F,sensitivity,456,42,42,True,False,True,0.7511850498051984,0.7407782126831213,-0.010406837122077128,0.19305151338071555,0.13926414177399438,-0.053787371606721174,1.0,773.7010836478753,773.7010836478753
decision_tree,instance_weighted,F,sensitivity,456,456,456,True,False,True,0.7507019534840034,0.7412179526584879,-0.009484000825515482,0.19305151338071555,0.13927043636239947,-0.05378107701831608,1.0,773.7010836478753,773.7010836478753
decision_tree,instance_weighted,F,sensitivity,456,789,789,True,False,True,0.7511850498051984,0.7407662360148295,-0.010418813790368908,0.19305151338071555,0.1392725345585345,-0.05377897882218105,1.0,773.7010836478753,773.7010836478753
decision_tree,instance_weighted,F,sensitivity,789,123,123,True,False,True,0.7571897155189382,0.7438996558400253,-0.013290059678912947,0.18753125630129452,0.11923305108023208,-0.06829820522106245,1.0,773.7010836478753,773.7010836478753
decision_tree,instance_weighted,F,sensitivity,789,42,42,True,False,True,0.7571897155189382,0.7438939831627351,-0.013295732356203072,0.18753125630129452,0.11923619837443462,-0.0682950579268599,1.0,773.7010836478753,773.7010836478753
decision_tree,instance_weighted,F,sensitivity,789,456,456,True,False,True,0.7571744114532092,0.7438992766236028,-0.013275134829606405,0.18753545269356456,0.11923305108023208,-0.06830240161333248,1.0,773.7010836478753,773.7010836478753
decision_tree,instance_weighted,F,sensitivity,789,789,789,True,False,True,0.7572455594467772,0.7438939831627351,-0.013351576284042044,0.18753545269356456,0.11923619837443462,-0.06829925431912993,1.0,773.7010836478753,773.7010836478753
logistic_regression,weighted,E,core_class_constant,123,42,42,True,False,True,0.5337812107525854,0.16571591116483708,-0.36806529958774836,0.21627299151617116,0.19588336002963677,-0.020389631486534388,1.0,773.7010836478753,773.7010836478753
logistic_regression,weighted,E,core_class_constant,42,42,42,True,False,True,0.5039687570139619,0.1487063069716073,-0.3552624500423546,0.24988682310120794,0.21300636224877972,-0.036880460852428215,1.0,773.7010836478753,773.7010836478753
logistic_regression,weighted,E,core_class_constant,456,42,42,True,False,True,0.5220509431039683,0.16089051436541674,-0.36116042873855153,0.22608063291054048,0.18840883852263945,-0.037671794387901025,1.0,773.7010836478753,773.7010836478753
logistic_regression,weighted,E,core_class_constant,789,42,42,True,False,True,0.5345349621036724,0.15581895031268325,-0.3787160117909891,0.22236513809981048,0.1854378897472769,-0.03692724835253358,1.0,773.7010836478753,773.7010836478753
logistic_regression,rus,G,core_class_constant,123,123,42,False,True,True,0.5337812107525854,0.1686398448290381,-0.36514136592354735,0.21627299151617116,0.19717869391897785,-0.019094297597193305,1.0,773.7010836478753,773.7010836478753
logistic_regression,rus,G,core_class_constant,123,42,42,True,False,True,0.5337812107525854,0.12660529136657592,-0.4071759193860095,0.21627299151617116,0.1946774274852941,-0.021595564030877062,1.0,773.7010836478753,773.7010836478753
logistic_regression,rus,G,core_class_constant,123,456,42,False,True,True,0.5337812107525854,0.1625880559479581,-0.37119315480462733,0.21627299151617116,0.19502804288057457,-0.02124494863559659,1.0,773.7010836478753,773.7010836478753
logistic_regression,rus,G,core_class_constant,123,789,42,False,True,True,0.5337812107525854,0.13222545726527335,-0.4015557534873121,0.21627299151617116,0.19558804460789606,-0.020684946908275104,1.0,773.7010836478753,773.7010836478753
logistic_regression,rus,G,core_class_constant,42,123,42,False,True,True,0.5039687570139619,0.16958010913929222,-0.3343886478746697,0.24988682310120794,0.2201505261848756,-0.02973629691633234,1.0,773.7010836478753,773.7010836478753
logistic_regression,rus,G,core_class_constant,42,42,42,True,False,True,0.5039687570139619,0.11761523436739944,-0.3863535226465625,0.24988682310120794,0.21262186212277145,-0.037264960978436484,1.0,773.7010836478753,773.7010836478753
logistic_regression,rus,G,core_class_constant,42,456,42,False,True,True,0.5039687570139619,0.15653403112749217,-0.34743472588646973,0.24988682310120794,0.221434719171349,-0.028452103929858946,1.0,773.7010836478753,773.7010836478753
logistic_regression,rus,G,core_class_constant,42,789,42,False,True,True,0.5039687570139619,0.12696302155876987,-0.37700573545519206,0.24988682310120794,0.21261138251062522,-0.037275440590582715,1.0,773.7010836478753,773.7010836478753
logistic_regression,rus,G,core_class_constant,456,123,42,False,True,True,0.5220509431039683,0.10486034241062642,-0.41719060069334185,0.22608063291054048,0.18584777349910747,-0.04023285941143301,1.0,773.7010836478753,773.7010836478753
logistic_regression,rus,G,core_class_constant,456,42,42,True,False,True,0.5220509431039683,0.1085859811223861,-0.41346496198158217,0.22608063291054048,0.18410888776793888,-0.0419717451426016,1.0,773.7010836478753,773.7010836478753
logistic_regression,rus,G,core_class_constant,456,456,42,False,True,True,0.5220509431039683,0.1508358645095375,-0.37121507859443076,0.22608063291054048,0.18626742409464186,-0.039813208815898615,1.0,773.7010836478753,773.7010836478753
logistic_regression,rus,G,core_class_constant,456,789,42,False,True,True,0.5220509431039683,0.15305061053618924,-0.36900033256777903,0.22608063291054048,0.19360514093992962,-0.032475491970610865,1.0,773.7010836478753,773.7010836478753
logistic_regression,rus,G,core_class_constant,789,123,42,False,True,True,0.5345349621036724,0.13988277265527027,-0.3946521894484021,0.22236513809981048,0.18612703885726806,-0.036238099242542426,1.0,773.7010836478753,773.7010836478753
logistic_regression,rus,G,core_class_constant,789,42,42,True,False,True,0.5345349621036724,0.12703319800925553,-0.40750176409441685,0.22236513809981048,0.18838344352828829,-0.0339816945715222,1.0,773.7010836478753,773.7010836478753
logistic_regression,rus,G,core_class_constant,789,456,42,False,True,True,0.5345349621036724,0.15229424974238243,-0.3822407123612899,0.22236513809981048,0.18911151758714287,-0.033253620512667614,1.0,773.7010836478753,773.7010836478753
logistic_regression,rus,G,core_class_constant,789,789,42,False,True,True,0.5345349621036724,0.14428572235953857,-0.3902492397441338,0.22236513809981048,0.18333665463841223,-0.039028483461398256,1.0,773.7010836478753,773.7010836478753
logistic_regression,instance_weighted,F,sensitivity,123,42,42,True,False,True,0.5337812107525854,0.2719303192269845,-0.2618508915256009,0.21627299151617116,0.21171545276096845,-0.004557538755202706,1.0,773.7010836478753,773.7010836478753
logistic_regression,instance_weighted,F,sensitivity,42,42,42,True,False,True,0.5039687570139619,0.2392930851475499,-0.26467567186641205,0.24988682310120794,0.22799410220237804,-0.021892720898829904,1.0,773.7010836478753,773.7010836478753
logistic_regression,instance_weighted,F,sensitivity,456,42,42,True,False,True,0.5220509431039683,0.2674716298373284,-0.25457931326663985,0.22608063291054048,0.2199783430443801,-0.006102289866160376,1.0,773.7010836478753,773.7010836478753
logistic_regression,instance_weighted,F,sensitivity,789,42,42,True,False,True,0.5345349621036724,0.2673822588733718,-0.26715270323030055,0.22236513809981048,0.19953812684134528,-0.022827011258465202,1.0,773.7010836478753,773.7010836478753
random_forest,weighted,E,core_class_constant,123,123,123,True,False,True,0.8270090245568442,0.787039498853958,-0.039969525702886255,0.10986123003387163,0.1240721185527404,0.014210888518868772,1.0,773.7010836478753,773.7010836478753
random_forest,weighted,E,core_class_constant,123,42,42,True,False,True,0.8283846305647891,0.7884614067650181,-0.03992322379977098,0.11067290697703101,0.13225217556293412,0.021579268585903102,1.0,773.7010836478753,773.7010836478753
random_forest,weighted,E,core_class_constant,123,456,456,True,False,True,0.8264158770557622,0.7836183341761481,-0.042797542879614126,0.1110388482989203,0.1328499334521572,0.021811085153236903,1.0,773.7010836478753,773.7010836478753
random_forest,weighted,E,core_class_constant,123,789,789,True,False,True,0.8280678255017108,0.7872525291113277,-0.04081529639038306,0.1096049365128309,0.12783186938597899,0.018226932873148083,1.0,773.7010836478753,773.7010836478753
random_forest,weighted,E,core_class_constant,42,123,123,True,False,True,0.7993036154324304,0.7543450675820219,-0.04495854785040854,0.12504391969288337,0.14806430132539633,0.023020381632512965,1.0,773.7010836478753,773.7010836478753
random_forest,weighted,E,core_class_constant,42,42,42,True,False,True,0.7967497221433496,0.746743451938522,-0.05000627020482762,0.13235457662914663,0.14681061776618845,0.014456041137041825,1.0,773.7010836478753,773.7010836478753
random_forest,weighted,E,core_class_constant,42,456,456,True,False,True,0.7949283079988327,0.7497554939061769,-0.04517281409265583,0.12677755993371437,0.15270999842385688,0.025932438490142512,1.0,773.7010836478753,773.7010836478753
random_forest,weighted,E,core_class_constant,42,789,789,True,False,True,0.7946899724099898,0.743144141522048,-0.051545830887941846,0.12493396966799634,0.14435268931436904,0.019418719646372692,1.0,773.7010836478753,773.7010836478753
random_forest,weighted,E,core_class_constant,456,123,123,True,False,True,0.8166914233191555,0.7756890629916643,-0.04100236032749116,0.1195501809206597,0.1390320858288719,0.019481904908212194,1.0,773.7010836478753,773.7010836478753
random_forest,weighted,E,core_class_constant,456,42,42,True,False,True,0.8167331044455801,0.7720827964235308,-0.04465030802204928,0.11408993907181778,0.1441461025783764,0.030056163506558625,1.0,773.7010836478753,773.7010836478753
random_forest,weighted,E,core_class_constant,456,456,456,True,False,True,0.818425560312881,0.7763820317570478,-0.042043528555833265,0.11898670693803937,0.13887145413564794,0.019884747197608577,1.0,773.7010836478753,773.7010836478753
random_forest,weighted,E,core_class_constant,456,789,789,True,False,True,0.820746555323804,0.7745950497702909,-0.046151505553513106,0.11648996185772197,0.14586035155775182,0.02937038970002985,1.0,773.7010836478753,773.7010836478753
random_forest,weighted,E,core_class_constant,789,123,123,True,False,True,0.8262754227918255,0.7734860069331649,-0.05278941585866059,0.10355194288731476,0.13233910827658557,0.028787165389270813,1.0,773.7010836478753,773.7010836478753
random_forest,weighted,E,core_class_constant,789,42,42,True,False,True,0.824819523851171,0.7710857316780422,-0.05373379217312879,0.1060345308279852,0.12267292395471546,0.016638393126730266,1.0,773.7010836478753,773.7010836478753
random_forest,weighted,E,core_class_constant,789,456,456,True,False,True,0.8220793385528772,0.7684044221874352,-0.05367491636544197,0.10722514881424791,0.1224860989153904,0.015260950101142493,1.0,773.7010836478753,773.7010836478753
random_forest,weighted,E,core_class_constant,789,789,789,True,False,True,0.8240651548913299,0.7697078918671916,-0.05435726302413835,0.10752889112611544,0.12798756918143273,0.020458678055317286,1.0,773.7010836478753,773.7010836478753
random_forest,rus,G,core_class_constant,123,123,123,True,False,True,0.8270090245568442,0.7399300181578845,-0.08707900639895971,0.10986123003387163,0.12162793669616412,0.011766706662292487,1.0,773.7010836478753,773.7010836478753
random_forest,rus,G,core_class_constant,123,42,42,True,False,True,0.8283846305647891,0.7602016265327661,-0.06818300403202293,0.11067290697703101,0.12051366349104121,0.009840756514010202,1.0,773.7010836478753,773.7010836478753
random_forest,rus,G,core_class_constant,123,456,456,True,False,True,0.8264158770557622,0.7655662595813347,-0.06084961747442752,0.1110388482989203,0.12133364763543313,0.010294799336512825,1.0,773.7010836478753,773.7010836478753
random_forest,rus,G,core_class_constant,123,789,789,True,False,True,0.8280678255017108,0.7557967084585492,-0.07227111704316158,0.1096049365128309,0.11922475524752849,0.009619818734697583,1.0,773.7010836478753,773.7010836478753
random_forest,rus,G,core_class_constant,42,123,123,True,False,True,0.7993036154324304,0.7375945078063418,-0.06170910762608861,0.12504391969288337,0.14090745126065377,0.0158635315677704,1.0,773.7010836478753,773.7010836478753
random_forest,rus,G,core_class_constant,42,42,42,True,False,True,0.7967497221433496,0.7290642696601829,-0.06768545248316671,0.13235457662914663,0.13991056871872698,0.0075559920895803545,1.0,773.7010836478753,773.7010836478753
random_forest,rus,G,core_class_constant,42,456,456,True,False,True,0.7949283079988327,0.745719966001256,-0.04920834199757673,0.12677755993371437,0.13803835058114763,0.011260790647433266,1.0,773.7010836478753,773.7010836478753
random_forest,rus,G,core_class_constant,42,789,789,True,False,True,0.7946899724099898,0.7482550767116243,-0.046434895698365564,0.12493396966799634,0.13776014568958342,0.012826176021587074,1.0,773.7010836478753,773.7010836478753
random_forest,rus,G,core_class_constant,456,123,123,True,False,True,0.8166914233191555,0.76272062907168,-0.05397079424747542,0.1195501809206597,0.12872193782869237,0.00917175690803268,1.0,773.7010836478753,773.7010836478753
random_forest,rus,G,core_class_constant,456,42,42,True,False,True,0.8167331044455801,0.7449676532873647,-0.07176545115821542,0.11408993907181778,0.12691411384910634,0.01282417477728856,1.0,773.7010836478753,773.7010836478753
random_forest,rus,G,core_class_constant,456,456,456,True,False,True,0.818425560312881,0.7516456236802173,-0.0667799366326638,0.11898670693803937,0.12509834173497084,0.00611163479693147,1.0,773.7010836478753,773.7010836478753
random_forest,rus,G,core_class_constant,456,789,789,True,False,True,0.820746555323804,0.7548185011523851,-0.06592805417141889,0.11648996185772197,0.1218120249856905,0.00532206312796854,1.0,773.7010836478753,773.7010836478753
random_forest,rus,G,core_class_constant,789,123,123,True,False,True,0.8262754227918255,0.7496784224629952,-0.07659700032883032,0.10355194288731476,0.11580300789570237,0.012251065008387615,1.0,773.7010836478753,773.7010836478753
random_forest,rus,G,core_class_constant,789,42,42,True,False,True,0.824819523851171,0.760057386483641,-0.06476213736753,0.1060345308279852,0.11459738894392708,0.008562858115941888,1.0,773.7010836478753,773.7010836478753
random_forest,rus,G,core_class_constant,789,456,456,True,False,True,0.8220793385528772,0.7574319556841107,-0.06464738286876648,0.10722514881424791,0.11489910727443826,0.007673958460190353,1.0,773.7010836478753,773.7010836478753
random_forest,rus,G,core_class_constant,789,789,789,True,False,True,0.8240651548913299,0.7758171764951006,-0.048247978396229296,0.10752889112611544,0.11517113726649171,0.0076422461403762715,1.0,773.7010836478753,773.7010836478753
random_forest,instance_weighted,F,sensitivity,123,123,123,True,False,True,0.8270090245568442,0.7923325320070788,-0.03467649254976546,0.10986123003387163,0.12830071927032113,0.018439489236449502,1.0,773.7010836478753,773.7010836478753
random_forest,instance_weighted,F,sensitivity,123,42,42,True,False,True,0.8283846305647891,0.788831718913748,-0.03955291165104102,0.11067290697703101,0.12593616054651047,0.015263253569479454,1.0,773.7010836478753,773.7010836478753
random_forest,instance_weighted,F,sensitivity,123,456,456,True,False,True,0.8264158770557622,0.7892557931722788,-0.037160083883483463,0.1110388482989203,0.12252626686599438,0.011487418567074081,1.0,773.7010836478753,773.7010836478753
random_forest,instance_weighted,F,sensitivity,123,789,789,True,False,True,0.8280678255017108,0.7895448533793314,-0.03852297212237932,0.1096049365128309,0.13120670954880542,0.02160177303597452,1.0,773.7010836478753,773.7010836478753
random_forest,instance_weighted,F,sensitivity,42,123,123,True,False,True,0.7993036154324304,0.7579668975920719,-0.04133671784035853,0.12504391969288337,0.14330190359512407,0.018257983902240704,1.0,773.7010836478753,773.7010836478753
random_forest,instance_weighted,F,sensitivity,42,42,42,True,False,True,0.7967497221433496,0.7547537636331109,-0.04199595851023874,0.13235457662914663,0.14293515255295597,0.010580575923809343,1.0,773.7010836478753,773.7010836478753
random_forest,instance_weighted,F,sensitivity,42,456,456,True,False,True,0.7949283079988327,0.7559699332137111,-0.03895837478512165,0.12677755993371437,0.13953080658681588,0.012753246653101513,1.0,773.7010836478753,773.7010836478753
random_forest,instance_weighted,F,sensitivity,42,789,789,True,False,True,0.7946899724099898,0.7558115411136781,-0.038878431296311744,0.12493396966799634,0.13705388604941582,0.012119916381419474,1.0,773.7010836478753,773.7010836478753
random_forest,instance_weighted,F,sensitivity,456,123,123,True,False,True,0.8166914233191555,0.7844875261954999,-0.03220389712365557,0.1195501809206597,0.13302533810163394,0.013475157180974251,1.0,773.7010836478753,773.7010836478753
random_forest,instance_weighted,F,sensitivity,456,42,42,True,False,True,0.8167331044455801,0.7826413514747707,-0.034091752970809464,0.11408993907181778,0.14354182209148847,0.029451883019670694,1.0,773.7010836478753,773.7010836478753
random_forest,instance_weighted,F,sensitivity,456,456,456,True,False,True,0.818425560312881,0.784613000258239,-0.03381256005464206,0.11898670693803937,0.13663967484789197,0.0176529679098526,1.0,773.7010836478753,773.7010836478753
random_forest,instance_weighted,F,sensitivity,456,789,789,True,False,True,0.820746555323804,0.783574917883625,-0.03717163744017904,0.11648996185772197,0.13990943403735184,0.023419472179629877,1.0,773.7010836478753,773.7010836478753
random_forest,instance_weighted,F,sensitivity,789,123,123,True,False,True,0.8262754227918255,0.779445282535494,-0.046830140256331476,0.10355194288731476,0.12447749231973353,0.02092554943241877,1.0,773.7010836478753,773.7010836478753
random_forest,instance_weighted,F,sensitivity,789,42,42,True,False,True,0.824819523851171,0.7804062872949112,-0.04441323655625973,0.1060345308279852,0.11995377008408513,0.013919239256099933,1.0,773.7010836478753,773.7010836478753
random_forest,instance_weighted,F,sensitivity,789,456,456,True,False,True,0.8220793385528772,0.7816685645448076,-0.04041077400806958,0.10722514881424791,0.11466044314834334,0.007435294334095427,1.0,773.7010836478753,773.7010836478753
random_forest,instance_weighted,F,sensitivity,789,789,789,True,False,True,0.8240651548913299,0.780865479242509,-0.04319967564882088,0.10752889112611544,0.1260692020974117,0.01854031097129627,1.0,773.7010836478753,773.7010836478753
xgboost,weighted,E,core_class_constant,123,123,123,True,False,True,0.841324853088602,0.8283351647239205,-0.012989688364681506,0.10979420744644507,0.11675194551909088,0.006957738072645811,1.0,773.7010836478753,773.7010836478753
xgboost,weighted,E,core_class_constant,123,42,42,True,False,True,0.8409199819693604,0.8248751773828585,-0.016044804586501815,0.11235129271843788,0.11949416817867758,0.0071428754602397004,1.0,773.7010836478753,773.7010836478753
xgboost,weighted,E,core_class_constant,123,456,456,True,False,True,0.8426204388549638,0.8246323655951001,-0.017988073259863735,0.10846584402077068,0.11910770091395755,0.010641856893186863,1.0,773.7010836478753,773.7010836478753
xgboost,weighted,E,core_class_constant,123,789,789,True,False,True,0.843971650147884,0.8251705528729397,-0.01880109727494428,0.10819622581741964,0.11656929413497805,0.008373068317558408,1.0,773.7010836478753,773.7010836478753
xgboost,weighted,E,core_class_constant,42,123,123,True,False,True,0.815903493251223,0.793669041176051,-0.02223445207517205,0.13115723077301708,0.14675556853896626,0.015598337765949183,1.0,773.7010836478753,773.7010836478753
xgboost,weighted,E,core_class_constant,42,42,42,True,False,True,0.817257678698113,0.7977492432799025,-0.019508435418210568,0.13137587645252166,0.14225105502962937,0.010875178577107708,1.0,773.7010836478753,773.7010836478753
xgboost,weighted,E,core_class_constant,42,456,456,True,False,True,0.8166811773286371,0.7979451040239316,-0.018736073304705503,0.1340449985770076,0.1493712949823744,0.015326296405366785,1.0,773.7010836478753,773.7010836478753
xgboost,weighted,E,core_class_constant,42,789,789,True,False,True,0.817807052643664,0.7969956877581315,-0.02081136488553259,0.1255692042321404,0.14350157992610582,0.017932375693965413,1.0,773.7010836478753,773.7010836478753
xgboost,weighted,E,core_class_constant,456,123,123,True,False,True,0.8374490119526069,0.8168826112947853,-0.02056640065782156,0.118858836662697,0.12667243348623214,0.007813596823535135,1.0,773.7010836478753,773.7010836478753
xgboost,weighted,E,core_class_constant,456,42,42,True,False,True,0.8345775848474781,0.817585978020491,-0.016991606826987082,0.12008628140168814,0.13028015068298882,0.010193869281300671,1.0,773.7010836478753,773.7010836478753
xgboost,weighted,E,core_class_constant,456,456,456,True,False,True,0.8357479352888872,0.8153872171997595,-0.02036071808912776,0.11496751528955752,0.13261169123899505,0.017644175949437527,1.0,773.7010836478753,773.7010836478753
xgboost,weighted,E,core_class_constant,456,789,789,True,False,True,0.8334657815065373,0.8155826642678626,-0.01788311723867464,0.1208524593205984,0.13110381235488147,0.010251353034283067,1.0,773.7010836478753,773.7010836478753
xgboost,weighted,E,core_class_constant,789,123,123,True,False,True,0.842337079612535,0.8253448223980756,-0.016992257214459405,0.10923712500406633,0.11517106305171301,0.005933938047646678,1.0,773.7010836478753,773.7010836478753
xgboost,weighted,E,core_class_constant,789,42,42,True,False,True,0.8392160059802548,0.824915587634431,-0.014300418345823851,0.11099710101695061,0.12032883969601468,0.009331738679064075,1.0,773.7010836478753,773.7010836478753
xgboost,weighted,E,core_class_constant,789,456,456,True,False,True,0.8405271506468719,0.824542498861577,-0.015984651785294846,0.10758594159763614,0.11857421749383343,0.010988275896197289,1.0,773.7010836478753,773.7010836478753
xgboost,weighted,E,core_class_constant,789,789,789,True,False,True,0.8398015516993577,0.8234770459056854,-0.016324505793672284,0.11038023135325249,0.12199503543648635,0.011614804083233857,1.0,773.7010836478753,773.7010836478753
xgboost,rus,G,core_class_constant,123,123,123,True,False,True,0.841324853088602,0.7739986646458832,-0.06732618844271887,0.10979420744644507,0.11420859547381225,0.004414388027367183,1.0,773.7010836478753,773.7010836478753
xgboost,rus,G,core_class_constant,123,42,42,True,False,True,0.8409199819693604,0.7660144590122523,-0.07490552295710806,0.11235129271843788,0.11234761519093713,-3.6775275007588926e-06,1.0,773.7010836478753,773.7010836478753
xgboost,rus,G,core_class_constant,123,456,456,True,False,True,0.8426204388549638,0.7685805690635975,-0.07403986979136634,0.10846584402077068,0.11273786830352335,0.004272024282752668,1.0,773.7010836478753,773.7010836478753
xgboost,rus,G,core_class_constant,123,789,789,True,False,True,0.843971650147884,0.7660973766210406,-0.0778742735268434,0.10819622581741964,0.1151243725034442,0.006928146686024567,1.0,773.7010836478753,773.7010836478753
xgboost,rus,G,core_class_constant,42,123,123,True,False,True,0.815903493251223,0.7582365636985648,-0.057666929552658175,0.13115723077301708,0.12996335717218638,-0.0011938736008307027,1.0,773.7010836478753,773.7010836478753
xgboost,rus,G,core_class_constant,42,42,42,True,False,True,0.817257678698113,0.7416676282329409,-0.0755900504651722,0.13137587645252166,0.13549400828044608,0.0041181318279244206,1.0,773.7010836478753,773.7010836478753
xgboost,rus,G,core_class_constant,42,456,456,True,False,True,0.8166811773286371,0.7487793614684178,-0.06790181586021926,0.1340449985770076,0.14147324008013998,0.007428241503132371,1.0,773.7010836478753,773.7010836478753
xgboost,rus,G,core_class_constant,42,789,789,True,False,True,0.817807052643664,0.7454754336373203,-0.07233161900634377,0.1255692042321404,0.13162398246122423,0.006054778229083818,1.0,773.7010836478753,773.7010836478753
xgboost,rus,G,core_class_constant,456,123,123,True,False,True,0.8374490119526069,0.7671738146052047,-0.07027519734740217,0.118858836662697,0.1145350816135399,-0.0043237550491571075,1.0,773.7010836478753,773.7010836478753
xgboost,rus,G,core_class_constant,456,42,42,True,False,True,0.8345775848474781,0.7557692449308454,-0.07880833991663272,0.12008628140168814,0.12372298553698916,0.003636704135301011,1.0,773.7010836478753,773.7010836478753
xgboost,rus,G,core_class_constant,456,456,456,True,False,True,0.8357479352888872,0.7767879582810124,-0.05895997700787481,0.11496751528955752,0.1167530915689949,0.001785576279437373,1.0,773.7010836478753,773.7010836478753
xgboost,rus,G,core_class_constant,456,789,789,True,False,True,0.8334657815065373,0.7599301074865515,-0.07353567401998573,0.1208524593205984,0.12338296944274928,0.0025305101221508725,1.0,773.7010836478753,773.7010836478753
xgboost,rus,G,core_class_constant,789,123,123,True,False,True,0.842337079612535,0.7600141252787941,-0.08232295433374093,0.10923712500406633,0.10979103741518471,0.0005539124111183791,1.0,773.7010836478753,773.7010836478753
xgboost,rus,G,core_class_constant,789,42,42,True,False,True,0.8392160059802548,0.7566572797514047,-0.08255872622885008,0.11099710101695061,0.1140434765328087,0.0030463755158580963,1.0,773.7010836478753,773.7010836478753
xgboost,rus,G,core_class_constant,789,456,456,True,False,True,0.8405271506468719,0.7560800884406044,-0.08444706220626752,0.10758594159763614,0.1116202539005249,0.004034312302888754,1.0,773.7010836478753,773.7010836478753
xgboost,rus,G,core_class_constant,789,789,789,True,False,True,0.8398015516993577,0.7591230909814263,-0.08067846071793139,0.11038023135325249,0.11136732431441755,0.0009870929611650592,1.0,773.7010836478753,773.7010836478753
xgboost,instance_weighted,F,sensitivity,123,123,123,True,False,True,0.841324853088602,0.8258746273761903,-0.015450225712411725,0.10979420744644507,0.11727711036945358,0.0074829029230085164,1.0,773.7010836478753,773.7010836478753
xgboost,instance_weighted,F,sensitivity,123,42,42,True,False,True,0.8409199819693604,0.8251221015545366,-0.015797880414823773,0.11235129271843788,0.12077135380830357,0.00842006108986569,1.0,773.7010836478753,773.7010836478753
xgboost,instance_weighted,F,sensitivity,123,456,456,True,False,True,0.8426204388549638,0.8248055614234127,-0.01781487743155119,0.10846584402077068,0.12205479992074789,0.013588955899977204,1.0,773.7010836478753,773.7010836478753
xgboost,instance_weighted,F,sensitivity,123,789,789,True,False,True,0.843971650147884,0.8255313279344298,-0.018440322213454152,0.10819622581741964,0.1232187799109189,0.015022554093499257,1.0,773.7010836478753,773.7010836478753
xgboost,instance_weighted,F,sensitivity,42,123,123,True,False,True,0.815903493251223,0.7971500351313472,-0.018753458119875832,0.13115723077301708,0.1400699687787393,0.008912738005722232,1.0,773.7010836478753,773.7010836478753
xgboost,instance_weighted,F,sensitivity,42,42,42,True,False,True,0.817257678698113,0.798192057109554,-0.019065621588559067,0.13137587645252166,0.14639668004804002,0.015020803595518356,1.0,773.7010836478753,773.7010836478753
xgboost,instance_weighted,F,sensitivity,42,456,456,True,False,True,0.8166811773286371,0.8006031054340386,-0.016078071894598533,0.1340449985770076,0.15017521769465733,0.016130219117649724,1.0,773.7010836478753,773.7010836478753
xgboost,instance_weighted,F,sensitivity,42,789,789,True,False,True,0.817807052643664,0.7966123564389672,-0.021194696204696828,0.1255692042321404,0.13876352809211728,0.013194323859976875,1.0,773.7010836478753,773.7010836478753
xgboost,instance_weighted,F,sensitivity,456,123,123,True,False,True,0.8374490119526069,0.8157624301091065,-0.021686581843500363,0.118858836662697,0.13049178900564598,0.011632952342948977,1.0,773.7010836478753,773.7010836478753
xgboost,instance_weighted,F,sensitivity,456,42,42,True,False,True,0.8345775848474781,0.8125521480802687,-0.022025436767209472,0.12008628140168814,0.13119698817921718,0.011110706777529039,1.0,773.7010836478753,773.7010836478753
xgboost,instance_weighted,F,sensitivity,456,456,456,True,False,True,0.8357479352888872,0.811785437153867,-0.02396249813502027,0.11496751528955752,0.1314768807225125,0.01650936543295499,1.0,773.7010836478753,773.7010836478753
xgboost,instance_weighted,F,sensitivity,456,789,789,True,False,True,0.8334657815065373,0.8151679794721233,-0.018297802034414,0.1208524593205984,0.13672048950467727,0.01586803018407887,1.0,773.7010836478753,773.7010836478753
xgboost,instance_weighted,F,sensitivity,789,123,123,True,False,True,0.842337079612535,0.8211865125543415,-0.021150567058193515,0.10923712500406633,0.11699155042288789,0.007754425418821556,1.0,773.7010836478753,773.7010836478753
xgboost,instance_weighted,F,sensitivity,789,42,42,True,False,True,0.8392160059802548,0.8222828940361061,-0.016933111944148704,0.11099710101695061,0.11898988833782864,0.007992787320878034,1.0,773.7010836478753,773.7010836478753
xgboost,instance_weighted,F,sensitivity,789,456,456,True,False,True,0.8405271506468719,0.8236572022112875,-0.016869948435584425,0.10758594159763614,0.12007547682844566,0.01248953523080952,1.0,773.7010836478753,773.7010836478753
xgboost,instance_weighted,F,sensitivity,789,789,789,True,False,True,0.8398015516993577,0.821016573243543,-0.018784978455814616,0.11038023135325249,0.11586902685917705,0.005488795505924557,1.0,773.7010836478753,773.7010836478753
