learner,csl_variant,split_seed,model_seed,level,negative_retention,precision_expected,precision_observed,abs_error
decision_tree,unweighted,42,42,natural,1.0,0.046992810801332635,0.0469928108013326,3.469446951953614e-17
decision_tree,unweighted,42,42,prev_0.2581pct,0.5,0.08976720817283537,0.08975898110991373,8.22706292163966e-06
decision_tree,unweighted,42,42,prev_1.2765pct,0.0999997901720798,0.3302530827177887,0.329952310024076,0.0003007726937127031
decision_tree,unweighted,42,42,prev_10pct,0.0116328598916028,0.8091186622324649,0.8097564029207401,0.0006377406882752679
decision_tree,unweighted,42,42,prev_11.32pct,0.0100003986730482,0.8313888585592798,0.8318411033087795,0.0004522447494996751
decision_tree,unweighted,42,42,prev_1pct,0.1279614588076318,0.27816107710529275,0.27802029302529746,0.00014078407999529308
decision_tree,unweighted,42,42,prev_50pct,0.0012925399879558,0.9744570275858563,0.9748359157307539,0.0003788881448976156
decision_tree,unweighted,42,123,natural,1.0,0.046992810801332635,0.0469928108013326,3.469446951953614e-17
decision_tree,unweighted,42,123,prev_0.2581pct,0.5,0.08976720817283537,0.08985198550960728,8.477733677191013e-05
decision_tree,unweighted,42,123,prev_1.2765pct,0.0999997901720798,0.3302530827177887,0.3307416442227237,0.0004885615049349812
decision_tree,unweighted,42,123,prev_10pct,0.0116328598916028,0.8091186622324649,0.8089000974451072,0.00021856478735771123
decision_tree,unweighted,42,123,prev_11.32pct,0.0100003986730482,0.8313888585592798,0.8314905319582144,0.0001016733989346319
decision_tree,unweighted,42,123,prev_1pct,0.1279614588076318,0.27816107710529275,0.2786198025165583,0.0004587254112655703
decision_tree,unweighted,42,123,prev_50pct,0.0012925399879558,0.9744570275858563,0.974283414291915,0.00017361329394127711
decision_tree,unweighted,42,456,natural,1.0,0.046992810801332635,0.0469928108013326,3.469446951953614e-17
decision_tree,unweighted,42,456,prev_0.2581pct,0.5,0.08976720817283537,0.08973903057820717,2.8177594628198133e-05
decision_tree,unweighted,42,456,prev_1.2765pct,0.0999997901720798,0.3302530827177887,0.32921368712344523,0.0010393955943434618
decision_tree,unweighted,42,456,prev_10pct,0.0116328598916028,0.8091186622324649,0.8090093739609479,0.00010928827151701626
decision_tree,unweighted,42,456,prev_11.32pct,0.0100003986730482,0.8313888585592798,0.8315769869576434,0.00018812839836357398
decision_tree,unweighted,42,456,prev_1pct,0.1279614588076318,0.27816107710529275,0.27803145598131523,0.00012962112397751913
decision_tree,unweighted,42,456,prev_50pct,0.0012925399879558,0.9744570275858563,0.9740717421328919,0.0003852854529643457
decision_tree,unweighted,42,789,natural,1.0,0.046992810801332635,0.0469928108013326,3.469446951953614e-17
decision_tree,unweighted,42,789,prev_0.2581pct,0.5,0.08976720817283537,0.08979920789805322,3.1999725217848884e-05
decision_tree,unweighted,42,789,prev_1.2765pct,0.0999997901720798,0.3302530827177887,0.330232697950396,2.038476739268935e-05
decision_tree,unweighted,42,789,prev_10pct,0.0116328598916028,0.8091186622324649,0.8087082493845575,0.00041041284790732657
decision_tree,unweighted,42,789,prev_11.32pct,0.0100003986730482,0.8313888585592798,0.8315219719978642,0.00013311343858435354
decision_tree,unweighted,42,789,prev_1pct,0.1279614588076318,0.27816107710529275,0.2780096129711353,0.00015146413415745297
decision_tree,unweighted,42,789,prev_50pct,0.0012925399879558,0.9744570275858563,0.9739353924443656,0.0005216351414907283
decision_tree,unweighted,123,42,natural,1.0,0.1890881913303438,0.1890881913303438,0.0
decision_tree,unweighted,123,42,prev_0.2581pct,0.5,0.3180389692017599,0.3184523696232277,0.0004134004214678133
decision_tree,unweighted,123,42,prev_1.2765pct,0.0999997901720798,0.6998621281685118,0.7004021258301171,0.0005399976616052848
decision_tree,unweighted,123,42,prev_10pct,0.0116328598916028,0.9524825900273053,0.9529291420803857,0.0004465520530804179
decision_tree,unweighted,123,42,prev_11.32pct,0.0100003986730482,0.958876578465418,0.9593303567887723,0.0004537783233543591
decision_tree,unweighted,123,42,prev_1pct,0.1279614588076318,0.6456746971110771,0.6464272622612924,0.0007525651502153785
decision_tree,unweighted,123,42,prev_50pct,0.0012925399879558,0.9944874503759398,0.9944727494664317,1.470090950805858e-05
decision_tree,unweighted,123,123,natural,1.0,0.18912352831246496,0.1891235283124649,5.551115123125783e-17
decision_tree,unweighted,123,123,prev_0.2581pct,0.5,0.3180889517523181,0.3180887507357537,2.010165643939743e-07
decision_tree,unweighted,123,123,prev_1.2765pct,0.0999997901720798,0.6999105313153647,0.6998064434179814,0.00010408789738336477
decision_tree,unweighted,123,123,prev_10pct,0.0116328598916028,0.9524930185990242,0.9521770957275808,0.00031592287144344144
decision_tree,unweighted,123,123,prev_11.32pct,0.0100003986730482,0.9588856643316339,0.958665817568663,0.0002198467629709322
decision_tree,unweighted,123,123,prev_1pct,0.1279614588076318,0.6457274154433491,0.6453535660258364,0.00037384941751272827
decision_tree,unweighted,123,123,prev_50pct,0.0012925399879558,0.9944887135483784,0.9940819650812215,0.0004067484671569366
decision_tree,unweighted,123,456,natural,1.0,0.18912352831246496,0.1891235283124649,5.551115123125783e-17
decision_tree,unweighted,123,456,prev_0.2581pct,0.5,0.3180889517523181,0.3185962003245646,0.0005072485722464881
decision_tree,unweighted,123,456,prev_1.2765pct,0.0999997901720798,0.6999105313153647,0.7008507714750156,0.0009402401596508847
decision_tree,unweighted,123,456,prev_10pct,0.0116328598916028,0.9524930185990242,0.9523580971551531,0.0001349214438711721
decision_tree,unweighted,123,456,prev_11.32pct,0.0100003986730482,0.9588856643316339,0.9586675190843831,0.00021814524725083384
decision_tree,unweighted,123,456,prev_1pct,0.1279614588076318,0.6457274154433491,0.646833342326596,0.0011059268832468439
decision_tree,unweighted,123,456,prev_50pct,0.0012925399879558,0.9944887135483784,0.9939264748834689,0.0005622386649095645
decision_tree,unweighted,123,789,natural,1.0,0.18933582787652012,0.1893358278765201,2.7755575615628914e-17
decision_tree,unweighted,123,789,prev_0.2581pct,0.5,0.3183891772848828,0.31851281336226595,0.00012363607738313798
decision_tree,unweighted,123,789,prev_1.2765pct,0.0999997901720798,0.7002010908544202,0.7005580432957363,0.00035695244131617176
decision_tree,unweighted,123,789,prev_10pct,0.0116328598916028,0.9525555948252425,0.9528016610420642,0.00024606621682166097
decision_tree,unweighted,123,789,prev_11.32pct,0.0100003986730482,0.9589401831450597,0.9594041110354975,0.0004639278904378097
decision_tree,unweighted,123,789,prev_1pct,0.1279614588076318,0.6460439063091135,0.6464252142437316,0.00038130793461810253
decision_tree,unweighted,123,789,prev_50pct,0.0012925399879558,0.994496292650398,0.994668959356642,0.00017266670624405123
decision_tree,unweighted,456,42,natural,1.0,0.1812250815512867,0.1812250815512867,0.0
decision_tree,unweighted,456,42,prev_0.2581pct,0.5,0.3068425897514575,0.3071900871606345,0.000347497409177
decision_tree,unweighted,456,42,prev_1.2765pct,0.0999997901720798,0.6888005599839392,0.6903490751953681,0.001548515211428958
decision_tree,unweighted,456,42,prev_10pct,0.0116328598916028,0.9500670766920416,0.9510114255975362,0.000944348905494552
decision_tree,unweighted,456,42,prev_11.32pct,0.0100003986730482,0.956771347192662,0.9576215447488701,0.0008501975562080766
decision_tree,unweighted,456,42,prev_1pct,0.1279614588076318,0.6336614105366475,0.6359932908103199,0.002331880273672371
decision_tree,unweighted,456,42,prev_50pct,0.0012925399879558,0.994194208390513,0.993705998989281,0.0004882094012319538
decision_tree,unweighted,456,123,natural,1.0,0.18125793003443902,0.181257930034439,2.7755575615628914e-17
decision_tree,unweighted,456,123,prev_0.2581pct,0.5,0.3068896731624981,0.3065959005062778,0.0002937726562203258
decision_tree,unweighted,456,123,prev_1.2765pct,0.0999997901720798,0.68884800777373,0.6902688654190489,0.0014208576453188515
decision_tree,unweighted,456,123,prev_10pct,0.0116328598916028,0.9500775769467531,0.9510249419266988,0.0009473649799457418
decision_tree,unweighted,456,123,prev_11.32pct,0.0100003986730482,0.9567805017593118,0.9577703508415155,0.0009898490822036754
decision_tree,unweighted,456,123,prev_1pct,0.1279614588076318,0.6337127946560187,0.6344989598352856,0.0007861651792668845
decision_tree,unweighted,456,123,prev_50pct,0.0012925399879558,0.9941954859672749,0.9947029216910012,0.0005074357237262461
decision_tree,unweighted,456,456,natural,1.0,0.1812250815512867,0.1812250815512867,0.0
decision_tree,unweighted,456,456,prev_0.2581pct,0.5,0.3068425897514575,0.30697796477614653,0.00013537502468902174
decision_tree,unweighted,456,456,prev_1.2765pct,0.0999997901720798,0.6888005599839392,0.6897100309646629,0.0009094709807236923
decision_tree,unweighted,456,456,prev_10pct,0.0116328598916028,0.9500670766920416,0.9494823731881985,0.0005847035038430981
decision_tree,unweighted,456,456,prev_11.32pct,0.0100003986730482,0.956771347192662,0.9560544316648029,0.0007169155278591299
decision_tree,unweighted,456,456,prev_1pct,0.1279614588076318,0.6336614105366475,0.6342093414623446,0.0005479309256971598
decision_tree,unweighted,456,456,prev_50pct,0.0012925399879558,0.994194208390513,0.993925131076939,0.00026907731357395104
decision_tree,unweighted,456,789,natural,1.0,0.1812250815512867,0.1812250815512867,0.0
decision_tree,unweighted,456,789,prev_0.2581pct,0.5,0.3068425897514575,0.30719917120828905,0.0003565814568315395
decision_tree,unweighted,456,789,prev_1.2765pct,0.0999997901720798,0.6888005599839392,0.689953949863864,0.0011533898799248599
decision_tree,unweighted,456,789,prev_10pct,0.0116328598916028,0.9500670766920416,0.9502622629701227,0.00019518627808112754
decision_tree,unweighted,456,789,prev_11.32pct,0.0100003986730482,0.956771347192662,0.957092560320627,0.0003212131279649588
decision_tree,unweighted,456,789,prev_1pct,0.1279614588076318,0.6336614105366475,0.6348852096852838,0.0012237991486363509
decision_tree,unweighted,456,789,prev_50pct,0.0012925399879558,0.994194208390513,0.9941611529992797,3.305539123332757e-05
decision_tree,unweighted,789,42,natural,1.0,0.177319950695545,0.177319950695545,0.0
decision_tree,unweighted,789,42,prev_0.2581pct,0.5,0.30122644331438825,0.30130793825157265,8.149493718440093e-05
decision_tree,unweighted,789,42,prev_1.2765pct,0.0999997901720798,0.6830828039865904,0.6841575751426535,0.0010747711560631368
decision_tree,unweighted,789,42,prev_10pct,0.0116328598916028,0.9487927762882841,0.9498773342892005,0.0010845580009164468
decision_tree,unweighted,789,42,prev_11.32pct,0.0100003986730482,0.9556601563858832,0.9564287028984282,0.0007685465125449875
decision_tree,unweighted,789,42,prev_1pct,0.1279614588076318,0.6274784715955116,0.6282980323022735,0.0008195607067619237
decision_tree,unweighted,789,42,prev_50pct,0.0012925399879558,0.9940389774402377,0.9940527379609003,1.376052066259792e-05
decision_tree,unweighted,789,123,natural,1.0,0.177319950695545,0.177319950695545,0.0
decision_tree,unweighted,789,123,prev_0.2581pct,0.5,0.30122644331438825,0.3013185637022849,9.212038789663257e-05
decision_tree,unweighted,789,123,prev_1.2765pct,0.0999997901720798,0.6830828039865904,0.6812757798635591,0.0018070241230312423
decision_tree,unweighted,789,123,prev_10pct,0.0116328598916028,0.9487927762882841,0.9482707645699138,0.0005220117183702966
decision_tree,unweighted,789,123,prev_11.32pct,0.0100003986730482,0.9556601563858832,0.9554636128309363,0.00019654355494691522
decision_tree,unweighted,789,123,prev_1pct,0.1279614588076318,0.6274784715955116,0.6262115309153135,0.0012669406801981697
decision_tree,unweighted,789,123,prev_50pct,0.0012925399879558,0.9940389774402377,0.9941221171513185,8.313971108075968e-05
decision_tree,unweighted,789,456,natural,1.0,0.17719514341017067,0.1771951434101706,8.326672684688674e-17
decision_tree,unweighted,789,456,prev_0.2581pct,0.5,0.3010463378176383,0.30120543533035976,0.00015909751272147332
decision_tree,unweighted,789,456,prev_1.2765pct,0.0999997901720798,0.6828975112088362,0.6815375583916322,0.0013599528172040243
decision_tree,unweighted,789,456,prev_10pct,0.0116328598916028,0.948751181327677,0.9478913118242305,0.0008598695034465198
decision_tree,unweighted,789,456,prev_11.32pct,0.0100003986730482,0.9556238788059688,0.9549380126092104,0.0006858661967583668
decision_tree,unweighted,789,456,prev_1pct,0.1279614588076318,0.6272784076304897,0.6268925541212959,0.0003858535091938453
decision_tree,unweighted,789,456,prev_50pct,0.0012925399879558,0.9940339042736893,0.9936997914473945,0.0003341128262948079
decision_tree,unweighted,789,789,natural,1.0,0.17719514341017067,0.1771951434101706,8.326672684688674e-17
decision_tree,unweighted,789,789,prev_0.2581pct,0.5,0.3010463378176383,0.3005255158644013,0.000520821953236994
decision_tree,unweighted,789,789,prev_1.2765pct,0.0999997901720798,0.6828975112088362,0.6822787642009516,0.000618747007884668
decision_tree,unweighted,789,789,prev_10pct,0.0116328598916028,0.948751181327677,0.9481928671175343,0.0005583142101427407
decision_tree,unweighted,789,789,prev_11.32pct,0.0100003986730482,0.9556238788059688,0.9553279228715935,0.00029595593437525824
decision_tree,unweighted,789,789,prev_1pct,0.1279614588076318,0.6272784076304897,0.6267478128472379,0.0005305947832517921
decision_tree,unweighted,789,789,prev_50pct,0.0012925399879558,0.9940339042736893,0.9938945819572311,0.00013932231645819027
decision_tree,weighted,42,42,natural,1.0,0.03646283851220973,0.0364628385122097,2.7755575615628914e-17
decision_tree,weighted,42,42,prev_0.2581pct,0.5,0.07036014636964756,0.07039243935074446,3.2292981096901374e-05
decision_tree,weighted,42,42,prev_1.2765pct,0.0999997901720798,0.2745357618265041,0.27438569485017295,0.0001500669763311313
decision_tree,weighted,42,42,prev_10pct,0.0116328598916028,0.7648765942393084,0.7636239473626155,0.0012526468766929089
decision_tree,weighted,42,42,prev_11.32pct,0.0100003986730482,0.7909750632281513,0.7892097351890586,0.001765328039092684
decision_tree,weighted,42,42,prev_1pct,0.1279614588076318,0.22823729440894222,0.22803503768654082,0.00020225672240140047
decision_tree,weighted,42,42,prev_50pct,0.0012925399879558,0.9669724702162678,0.9666814385398826,0.00029103167638511174
decision_tree,weighted,42,123,natural,1.0,0.03647982958327786,0.0364798295832778,6.245004513516506e-17
decision_tree,weighted,42,123,prev_0.2581pct,0.5,0.07039177906229929,0.07038144425385644,1.0334808442855059e-05
decision_tree,weighted,42,123,prev_1.2765pct,0.0999997901720798,0.27463207079840785,0.2750945482851404,0.00046247748673255984
decision_tree,weighted,42,123,prev_10pct,0.0116328598916028,0.7649635375322847,0.7655112860947547,0.000547748562469974
decision_tree,weighted,42,123,prev_11.32pct,0.0100003986730482,0.791054992206682,0.7914536281436372,0.00039863593695521615
decision_tree,weighted,42,123,prev_1pct,0.1279614588076318,0.22832247329079702,0.228657973948003,0.00033550065720597266
decision_tree,weighted,42,123,prev_50pct,0.0012925399879558,0.9669879084148466,0.9664678522432162,0.0005200561716304231
decision_tree,weighted,42,456,natural,1.0,0.03647497337593184,0.0364749733759318,4.163336342344337e-17
decision_tree,weighted,42,456,prev_0.2581pct,0.5,0.07038273824813768,0.07042593749373145,4.319924559377519e-05
decision_tree,weighted,42,456,prev_1.2765pct,0.0999997901720798,0.27460454705491655,0.2748252321701327,0.00022068511521616818
decision_tree,weighted,42,456,prev_10pct,0.0116328598916028,0.7649386945745982,0.7655433498874713,0.0006046553128731258
decision_tree,weighted,42,456,prev_11.32pct,0.0100003986730482,0.79103215370737,0.7917477638419566,0.0007156101345865418
decision_tree,weighted,42,456,prev_1pct,0.1279614588076318,0.22829812998054475,0.22828288993097012,1.5240049574621883e-05
decision_tree,weighted,42,456,prev_50pct,0.0012925399879558,0.9669834974506655,0.9669877231535635,4.2257028980419165e-06
decision_tree,weighted,42,789,natural,1.0,0.03647982958327786,0.0364798295832778,6.245004513516506e-17
decision_tree,weighted,42,789,prev_0.2581pct,0.5,0.07039177906229929,0.07039726988525874,5.490822959447472e-06
decision_tree,weighted,42,789,prev_1.2765pct,0.0999997901720798,0.27463207079840785,0.27458319123062513,4.887956778271141e-05
decision_tree,weighted,42,789,prev_10pct,0.0116328598916028,0.7649635375322847,0.7627029457529964,0.00226059177928839
decision_tree,weighted,42,789,prev_11.32pct,0.0100003986730482,0.791054992206682,0.7889579585077199,0.002097033698962081
decision_tree,weighted,42,789,prev_1pct,0.1279614588076318,0.22832247329079702,0.2283250374135987,2.5641228016681783e-06
decision_tree,weighted,42,789,prev_50pct,0.0012925399879558,0.9669879084148466,0.9662926221144762,0.0006952863003704124
decision_tree,weighted,123,42,natural,1.0,0.024682010902483342,0.0246820109024833,4.163336342344337e-17
decision_tree,weighted,123,42,prev_0.2581pct,0.5,0.04817496675040638,0.04819255162608803,1.7584875681646295e-05
decision_tree,weighted,123,42,prev_1.2765pct,0.0999997901720798,0.20195796425042584,0.20198546721493038,2.750296450454437e-05
decision_tree,weighted,123,42,prev_10pct,0.0116328598916028,0.6850833589473708,0.685003805882504,7.95530648668441e-05
decision_tree,weighted,123,42,prev_11.32pct,0.0100003986730482,0.7167589792367562,0.7166841813608794,7.479787587683084e-05
decision_tree,weighted,123,42,prev_1pct,0.1279614588076318,0.16511349296796907,0.16495549658237174,0.00015799638559732543
decision_tree,weighted,123,42,prev_50pct,0.0012925399879558,0.9514067537657762,0.9518240801375195,0.00041732637174329845
decision_tree,weighted,123,123,natural,1.0,0.02468628299437473,0.0246862829943747,2.7755575615628914e-17
decision_tree,weighted,123,123,prev_0.2581pct,0.5,0.048183104241886786,0.04815947323374861,2.3631008138173815e-05
decision_tree,weighted,123,123,prev_1.2765pct,0.0999997901720798,0.20198656562466236,0.20231503778873045,0.00032847216406808877
decision_tree,weighted,123,123,prev_10pct,0.0116328598916028,0.685121641593115,0.6861332374824037,0.0010115958892887855
decision_tree,weighted,123,123,prev_11.32pct,0.0100003986730482,0.7167950030570759,0.7181022932567294,0.001307290199653477
decision_tree,weighted,123,123,prev_1pct,0.1279614588076318,0.16513795615272578,0.16530353881574242,0.00016558266301663904
decision_tree,weighted,123,123,prev_50pct,0.0012925399879558,0.9514149569891046,0.9517457258352054,0.00033076884610083734
decision_tree,weighted,123,456,natural,1.0,0.0246868171098466,0.0246868171098466,0.0
decision_tree,weighted,123,456,prev_0.2581pct,0.5,0.04818412162162162,0.048207966673702494,2.384505208087584e-05
decision_tree,weighted,123,456,prev_1.2765pct,0.0999997901720798,0.20199014136605903,0.20172935515596876,0.0002607862100902636
decision_tree,weighted,123,456,prev_10pct,0.0116328598916028,0.6851264272246663,0.6868644153475859,0.001737988122919587
decision_tree,weighted,123,456,prev_11.32pct,0.0100003986730482,0.7167995062892236,0.7182791651023197,0.0014796588130960853
decision_tree,weighted,123,456,prev_1pct,0.1279614588076318,0.1651410145605196,0.1650374786445418,0.00010353591597780931
decision_tree,weighted,123,456,prev_50pct,0.0012925399879558,0.951415982401967,0.95196492561854,0.0005489432165729502
decision_tree,weighted,123,789,natural,1.0,0.024685748902014235,0.0246857489020142,3.469446951953614e-17
decision_tree,weighted,123,789,prev_0.2581pct,0.5,0.0481820869051138,0.04817349940688849,8.587498225312573e-06
decision_tree,weighted,123,789,prev_1.2765pct,0.0999997901720798,0.20198299000986292,0.20168429518864528,0.0002986948212176377
decision_tree,weighted,123,789,prev_10pct,0.0116328598916028,0.6851168560284187,0.6840857840038008,0.0010310720246178295
decision_tree,weighted,123,789,prev_11.32pct,0.0100003986730482,0.7167904998815101,0.7160287858459456,0.0007617140355644647
decision_tree,weighted,123,789,prev_1pct,0.1279614588076318,0.16513489785821311,0.16501965627102394,0.00011524158718917432
decision_tree,weighted,123,789,prev_50pct,0.0012925399879558,0.9514139315784524,0.9505142389986535,0.0008996925797989386
decision_tree,weighted,456,42,natural,1.0,0.035159961989230284,0.0351599619892302,8.326672684688674e-17
decision_tree,weighted,456,42,prev_0.2581pct,0.5,0.06793145654834762,0.0679509572890786,1.950074073098218e-05
decision_tree,weighted,456,42,prev_1.2765pct,0.0999997901720798,0.26708414509877465,0.26754752192816195,0.0004633768293872964
decision_tree,weighted,456,42,prev_10pct,0.0116328598916028,0.7580222766206837,0.7578144998232385,0.00020777679744521382
decision_tree,weighted,456,42,prev_11.32pct,0.0100003986730482,0.7846673768755217,0.7848570225540521,0.00018964567853041459
decision_tree,weighted,456,42,prev_1pct,0.1279614588076318,0.22165837854294748,0.22207967302127943,0.0004212944783319461
decision_tree,weighted,456,42,prev_50pct,0.0012925399879558,0.9657458070727629,0.9662177312048122,0.00047192413204932837
decision_tree,weighted,456,123,natural,1.0,0.035159961989230284,0.0351599619892302,8.326672684688674e-17
decision_tree,weighted,456,123,prev_0.2581pct,0.5,0.06793145654834762,0.06800139813872969,6.99415903820666e-05
decision_tree,weighted,456,123,prev_1.2765pct,0.0999997901720798,0.26708414509877465,0.26769272723460347,0.0006085821358288168
decision_tree,weighted,456,123,prev_10pct,0.0116328598916028,0.7580222766206837,0.757512303797264,0.000509972823419691
decision_tree,weighted,456,123,prev_11.32pct,0.0100003986730482,0.7846673768755217,0.784485315253656,0.0001820616218657367
decision_tree,weighted,456,123,prev_1pct,0.1279614588076318,0.22165837854294748,0.22229446630952157,0.0006360877665740894
decision_tree,weighted,456,123,prev_50pct,0.0012925399879558,0.9657458070727629,0.966941355540595,0.0011955484678320971
decision_tree,weighted,456,456,natural,1.0,0.035159961989230284,0.0351599619892302,8.326672684688674e-17
decision_tree,weighted,456,456,prev_0.2581pct,0.5,0.06793145654834762,0.06791220786504394,1.9248683303677017e-05
decision_tree,weighted,456,456,prev_1.2765pct,0.0999997901720798,0.26708414509877465,0.26708995255592344,5.807457148787609e-06
decision_tree,weighted,456,456,prev_10pct,0.0116328598916028,0.7580222766206837,0.7589411125057915,0.0009188358851078826
decision_tree,weighted,456,456,prev_11.32pct,0.0100003986730482,0.7846673768755217,0.7855481155703472,0.0008807386948255225
decision_tree,weighted,456,456,prev_1pct,0.1279614588076318,0.22165837854294748,0.22166373393671818,5.3553937706951604e-06
decision_tree,weighted,456,456,prev_50pct,0.0012925399879558,0.9657458070727629,0.9658464590548138,0.00010065198205089221
decision_tree,weighted,456,789,natural,1.0,0.03516107573885774,0.0351610757388577,4.163336342344337e-17
decision_tree,weighted,456,789,prev_0.2581pct,0.5,0.06793353529789774,0.06789031374643358,4.322155146416207e-05
decision_tree,weighted,456,789,prev_1.2765pct,0.0999997901720798,0.26709057172105666,0.2664381321005076,0.0006524396205490612
decision_tree,weighted,456,789,prev_10pct,0.0116328598916028,0.7580282984841742,0.7561193551975485,0.0019089432866257194
decision_tree,weighted,456,789,prev_11.32pct,0.0100003986730482,0.7846729240087792,0.7826021221743562,0.002070801834422986
decision_tree,weighted,456,789,prev_1pct,0.1279614588076318,0.22166404270415624,0.22095351154845239,0.0007105311557038529
decision_tree,weighted,456,789,prev_50pct,0.0012925399879558,0.9657468931161114,0.9656452665805021,0.00010162653560930046
decision_tree,weighted,789,42,natural,1.0,0.024014224453509047,0.024014224453509,4.85722573273506e-17
decision_tree,weighted,789,42,prev_0.2581pct,0.5,0.04690213061507977,0.046918713395125315,1.6582780045543144e-05
decision_tree,weighted,789,42,prev_1.2765pct,0.0999997901720798,0.19746494197674205,0.197322991181519,0.00014195079522305587
decision_tree,weighted,789,42,prev_10pct,0.0116328598916028,0.6789868700319328,0.6769350950484813,0.0020517749834515486
decision_tree,weighted,789,42,prev_11.32pct,0.0100003986730482,0.7110170351557823,0.7088304671968877,0.002186567958894603
decision_tree,weighted,789,42,prev_1pct,0.1279614588076318,0.1612745118147332,0.161209688263262,6.482355147119367e-05
decision_tree,weighted,789,42,prev_50pct,0.0012925399879558,0.9500904271677811,0.9501855156931789,9.508852539774626e-05
decision_tree,weighted,789,123,natural,1.0,0.02401472680110451,0.0240147268011045,1.0408340855860843e-17
decision_tree,weighted,789,123,prev_0.2581pct,0.5,0.0469030887399902,0.04688018805936121,2.2900680628989978e-05
decision_tree,weighted,789,123,prev_1.2765pct,0.0999997901720798,0.1974683385788502,0.1968299748953148,0.0006383636835353979
decision_tree,weighted,789,123,prev_10pct,0.0116328598916028,0.6789915416824894,0.6787510181312111,0.0002405235512783488
decision_tree,weighted,789,123,prev_11.32pct,0.0100003986730482,0.7110214390626672,0.7109755680378086,4.5871024858645804e-05
decision_tree,weighted,789,123,prev_1pct,0.1279614588076318,0.16127741100403553,0.16091052280543813,0.0003668881985973982
decision_tree,weighted,789,123,prev_50pct,0.0012925399879558,0.9500914434924077,0.9503702103130393,0.00027876682063154856
decision_tree,weighted,789,456,natural,1.0,0.02401472680110451,0.0240147268011045,1.0408340855860843e-17
decision_tree,weighted,789,456,prev_0.2581pct,0.5,0.0469030887399902,0.04690176666151864,1.3220784715536893e-06
decision_tree,weighted,789,456,prev_1.2765pct,0.0999997901720798,0.1974683385788502,0.19727620232635965,0.00019213625249056565
decision_tree,weighted,789,456,prev_10pct,0.0116328598916028,0.6789915416824894,0.6794907057993437,0.0004991641168542449
decision_tree,weighted,789,456,prev_11.32pct,0.0100003986730482,0.7110214390626672,0.7114349134113364,0.00041347434866911836
decision_tree,weighted,789,456,prev_1pct,0.1279614588076318,0.16127741100403553,0.1611952407532078,8.217025082773999e-05
decision_tree,weighted,789,456,prev_50pct,0.0012925399879558,0.9500914434924077,0.9502888883887836,0.0001974448963758535
decision_tree,weighted,789,789,natural,1.0,0.024014224453509047,0.024014224453509,4.85722573273506e-17
decision_tree,weighted,789,789,prev_0.2581pct,0.5,0.04690213061507977,0.04688954744656595,1.2583168513824461e-05
decision_tree,weighted,789,789,prev_1.2765pct,0.0999997901720798,0.19746494197674205,0.1976801916926409,0.0002152497158988409
decision_tree,weighted,789,789,prev_10pct,0.0116328598916028,0.6789868700319328,0.6803524013271881,0.0013655312952552956
decision_tree,weighted,789,789,prev_11.32pct,0.0100003986730482,0.7110170351557823,0.7119938740439139,0.0009768388881316037
decision_tree,weighted,789,789,prev_1pct,0.1279614588076318,0.1612745118147332,0.16149647300048872,0.00022196118575551482
decision_tree,weighted,789,789,prev_50pct,0.0012925399879558,0.9500904271677811,0.9505697112446246,0.0004792840768435003
logistic_regression,unweighted,42,42,natural,1.0,0.017164281783159055,0.017164281783159,5.551115123125783e-17
logistic_regression,unweighted,42,42,prev_0.2581pct,0.5,0.033749281390551555,0.03375561218425109,6.330793699535486e-06
logistic_regression,unweighted,42,42,prev_1.2765pct,0.0999997901720798,0.1486758905262912,0.14887873395819587,0.00020284343190465903
logistic_regression,unweighted,42,42,prev_10pct,0.0116328598916028,0.6002027658031497,0.6004670294181729,0.00026426361502318585
logistic_regression,unweighted,42,42,prev_11.32pct,0.0100003986730482,0.6358782721819891,0.6363628912099206,0.0004846190279315099
logistic_regression,unweighted,42,42,prev_1pct,0.1279614588076318,0.12008925314835767,0.12018126585284694,9.20127044892749e-05
logistic_regression,unweighted,42,42,prev_50pct,0.0012925399879558,0.9310887152791567,0.932367157783377,0.0012784425042202674
logistic_regression,unweighted,123,42,natural,1.0,0.011519246475810643,0.0115192464758106,4.336808689942018e-17
logistic_regression,unweighted,123,42,prev_0.2581pct,0.5,0.022776129106676594,0.022772310328914237,3.818777762357173e-06
logistic_regression,unweighted,123,42,prev_1.2765pct,0.0999997901720798,0.10437209069586595,0.1042073137304344,0.00016477696543154563
logistic_regression,unweighted,123,42,prev_10pct,0.0116328598916028,0.5004428767025677,0.49991988764393674,0.0005229890586309627
logistic_regression,unweighted,123,42,prev_11.32pct,0.0100003986730482,0.5381706842646468,0.5380115150547047,0.00015916920994207828
logistic_regression,unweighted,123,42,prev_1pct,0.1279614588076318,0.08346875673000737,0.0833697865540056,9.897017600175861e-05
logistic_regression,unweighted,123,42,prev_50pct,0.0012925399879558,0.9001593227164182,0.9001711290610753,1.1806344657139256e-05
logistic_regression,unweighted,456,42,natural,1.0,0.014126464205318991,0.0141264642053189,9.020562075079397e-17
logistic_regression,unweighted,456,42,prev_0.2581pct,0.5,0.02785937396158703,0.02786485872483533,5.484763248301411e-06
logistic_regression,unweighted,456,42,prev_1.2765pct,0.0999997901720798,0.1253305975195926,0.12537526730924495,4.46697896523407e-05
logistic_regression,unweighted,456,42,prev_10pct,0.0116328598916028,0.5519229581561088,0.551872727483693,5.023067241582968e-05
logistic_regression,unweighted,456,42,prev_11.32pct,0.0100003986730482,0.5889562304449515,0.5889860645963038,2.983415135227041e-05
logistic_regression,unweighted,456,42,prev_1pct,0.1279614588076318,0.10070171089437992,0.10075581186536713,5.4100970987208674e-05
logistic_regression,unweighted,456,42,prev_50pct,0.0012925399879558,0.9172584862787783,0.9178373345494105,0.0005788482706322595
logistic_regression,unweighted,789,42,natural,1.0,0.013742305740275627,0.0137423057402756,2.7755575615628914e-17
logistic_regression,unweighted,789,42,prev_0.2581pct,0.5,0.027112029679456733,0.027102454737136933,9.574942319800356e-06
logistic_regression,unweighted,789,42,prev_1.2765pct,0.0999997901720798,0.12229746775247406,0.1222088069871218,8.866076535225809e-05
logistic_regression,unweighted,789,42,prev_10pct,0.0116328598916028,0.5449986291583052,0.5441727781851818,0.0008258509731233765
logistic_regression,unweighted,789,42,prev_11.32pct,0.0100003986730482,0.5821709439765219,0.5813143002200255,0.0008566437564964113
logistic_regression,unweighted,789,42,prev_1pct,0.1279614588076318,0.09819770865282305,0.09817637801708992,2.1330635733132763e-05
logistic_regression,unweighted,789,42,prev_50pct,0.0012925399879558,0.9151115108598664,0.9145954323375848,0.0005160785222816378
logistic_regression,weighted,42,42,natural,1.0,0.018729627028292544,0.0187296270282925,4.5102810375396984e-17
logistic_regression,weighted,42,42,prev_0.2581pct,0.5,0.03677055527074089,0.03676407296229356,6.4823084473322745e-06
logistic_regression,weighted,42,42,prev_1.2765pct,0.0999997901720798,0.16027892065466,0.16045112431695707,0.0001722036622970602
logistic_regression,weighted,42,42,prev_10pct,0.0116328598916028,0.6213259484747057,0.6222635598598767,0.0009376113851710111
logistic_regression,weighted,42,42,prev_11.32pct,0.0100003986730482,0.6561962468707794,0.6569754784902908,0.0007792316195114335
logistic_regression,weighted,42,42,prev_1pct,0.1279614588076318,0.1298014685556585,0.12983537566671463,3.3907111056136197e-05
logistic_regression,weighted,42,42,prev_50pct,0.0012925399879558,0.9365769654165202,0.9365729446878536,4.020728666676021e-06
logistic_regression,weighted,123,42,natural,1.0,0.015704213041198064,0.015704213041198,6.245004513516506e-17
logistic_regression,weighted,123,42,prev_0.2581pct,0.5,0.030922807722096324,0.03093078869747479,7.980975378466676e-06
logistic_regression,weighted,123,42,prev_1.2765pct,0.0999997901720798,0.137595020896626,0.13785531614332341,0.0002602952466974062
logistic_regression,weighted,123,42,prev_10pct,0.0116328598916028,0.5783305824465999,0.5795820062468876,0.0012514238002877542
logistic_regression,weighted,123,42,prev_11.32pct,0.0100003986730482,0.6147049267539089,0.6158804910521332,0.0011755642982242964
logistic_regression,weighted,123,42,prev_1pct,0.1279614588076318,0.11086150787963253,0.11102191956001682,0.00016041168038428977
logistic_regression,weighted,123,42,prev_50pct,0.0012925399879558,0.92505845969214,0.9251760326433951,0.00011757295125514045
logistic_regression,weighted,456,42,natural,1.0,0.015548036150254851,0.0155480361502548,5.204170427930421e-17
logistic_regression,weighted,456,42,prev_0.2581pct,0.5,0.030619991564740615,0.030611629357578853,8.36220716176131e-06
logistic_regression,weighted,456,42,prev_1.2765pct,0.0999997901720798,0.13639462605707747,0.1362731937540046,0.000121432303072877
logistic_regression,weighted,456,42,prev_10pct,0.0116328598916028,0.5758525953669643,0.5752838952771112,0.0005687000898531025
logistic_regression,weighted,456,42,prev_11.32pct,0.0100003986730482,0.6122973980448209,0.6117317685554835,0.0005656294893373603
logistic_regression,weighted,456,42,prev_1pct,0.1279614588076318,0.10986462782738075,0.10980814547664255,5.648235073819896e-05
logistic_regression,weighted,456,42,prev_50pct,0.0012925399879558,0.9243515313639287,0.9239453672403414,0.0004061641235872937
logistic_regression,weighted,789,42,natural,1.0,0.01508976759555017,0.0150897675955501,7.112366251504909e-17
logistic_regression,weighted,789,42,prev_0.2581pct,0.5,0.029730902777777776,0.029735104076263886,4.201298486109645e-06
logistic_regression,weighted,789,42,prev_1.2765pct,0.0999997901720798,0.13285516803109235,0.1329962902506314,0.00014112221953904713
logistic_regression,weighted,789,42,prev_10pct,0.0116328598916028,0.5684151221538117,0.5682913772498099,0.00012374490400179905
logistic_regression,weighted,789,42,prev_11.32pct,0.0100003986730482,0.6050606969274324,0.6051272339605878,6.65370331554005e-05
logistic_regression,weighted,789,42,prev_1pct,0.1279614588076318,0.1069283845050002,0.1070630944650026,0.00013470996000240765
logistic_regression,weighted,789,42,prev_50pct,0.0012925399879558,0.922199404069523,0.9230752229294058,0.0008758188598827488
random_forest,unweighted,42,42,natural,1.0,0.0497435664684791,0.0497435664684791,0.0
random_forest,unweighted,42,42,prev_0.2581pct,0.5,0.09477279605689827,0.0948424818884081,6.96858315098331e-05
random_forest,unweighted,42,42,prev_1.2765pct,0.0999997901720798,0.3436064550022246,0.3442879903143316,0.0006815353121070178
random_forest,unweighted,42,42,prev_10pct,0.0116328598916028,0.8181808213833288,0.8196394665497577,0.0014586451664289068
random_forest,unweighted,42,42,prev_11.32pct,0.0100003986730482,0.8396033245871011,0.8408420884438125,0.0012387638567114
random_forest,unweighted,42,42,prev_1pct,0.1279614588076318,0.2903212000685763,0.2905404785609933,0.0002192784924169855
random_forest,unweighted,42,42,prev_50pct,0.0012925399879558,0.9759034568856592,0.9759349850393622,3.152815370299766e-05
random_forest,unweighted,42,123,natural,1.0,0.04163387670976204,0.041633876709762,4.163336342344337e-17
random_forest,unweighted,42,123,prev_0.2581pct,0.5,0.07993955964887034,0.07999981148139772,6.025183252737765e-05
random_forest,unweighted,42,123,prev_1.2765pct,0.0999997901720798,0.3028572743360324,0.3029500383494458,9.276401341340446e-05
random_forest,unweighted,42,123,prev_10pct,0.0116328598916028,0.7887830876706067,0.7890702143302358,0.0002871266596291555
random_forest,unweighted,42,123,prev_11.32pct,0.0100003986730482,0.8128771472096369,0.8129713806313629,9.423342172598659e-05
random_forest,unweighted,42,123,prev_1pct,0.1279614588076318,0.25345122852313073,0.2535908938138855,0.00013966529075476464
random_forest,unweighted,42,123,prev_50pct,0.0012925399879558,0.971106803794677,0.9715547756209862,0.0004479718263092902
random_forest,unweighted,42,456,natural,1.0,0.045209287115761936,0.0452092871157619,3.469446951953614e-17
random_forest,unweighted,42,456,prev_0.2581pct,0.5,0.0865076261243645,0.08654134189723704,3.3715772872547345e-05
random_forest,unweighted,42,456,prev_1.2765pct,0.0999997901720798,0.3213439406584485,0.32192639607223034,0.0005824554137818239
random_forest,unweighted,42,456,prev_10pct,0.0116328598916028,0.8027754013690559,0.8036453249473068,0.0008699235782508863
random_forest,unweighted,42,456,prev_11.32pct,0.0100003986730482,0.8256261750696151,0.826623579003808,0.0009974039341928975
random_forest,unweighted,42,456,prev_1pct,0.1279614588076318,0.2700904989246317,0.27066105113911115,0.0005705522144794362
random_forest,unweighted,42,456,prev_50pct,0.0012925399879558,0.973427755475638,0.9731742934968259,0.0002534619788120418
random_forest,unweighted,42,789,natural,1.0,0.03756865123487988,0.0375686512348798,8.326672684688674e-17
random_forest,unweighted,42,789,prev_0.2581pct,0.5,0.07241670455283497,0.07235346377991259,6.324077292238495e-05
random_forest,unweighted,42,789,prev_1.2765pct,0.0999997901720798,0.28075783923277625,0.2804202977346088,0.0003375414981674485
random_forest,unweighted,42,789,prev_10pct,0.0116328598916028,0.7704101638446437,0.7691006923356405,0.0013094715090031794
random_forest,unweighted,42,789,prev_11.32pct,0.0100003986730482,0.7960581839235262,0.794802051860173,0.001256132063353177
random_forest,unweighted,42,789,prev_1pct,0.1279614588076318,0.23374815583860925,0.2335829638029047,0.00016519203570455887
random_forest,unweighted,42,789,prev_50pct,0.0012925399879558,0.9679490688421564,0.9674006800503804,0.0005483887917759889
random_forest,unweighted,123,42,natural,1.0,0.025327299885774538,0.0253272998857745,3.8163916471489756e-17
random_forest,unweighted,123,42,prev_0.2581pct,0.5,0.04940334640186816,0.04938635815235201,1.698824951614636e-05
random_forest,unweighted,123,42,prev_1.2765pct,0.0999997901720798,0.20625783444251208,0.20616882885583895,8.900558667312986e-05
random_forest,unweighted,123,42,prev_10pct,0.0116328598916028,0.6907659401385591,0.6898548764419082,0.0009110636966508379
random_forest,unweighted,123,42,prev_11.32pct,0.0100003986730482,0.7221018383825318,0.721277732807919,0.0008241055746128767
random_forest,unweighted,123,42,prev_1pct,0.1279614588076318,0.16879483109798707,0.1688694125455101,7.458144752303664e-05
random_forest,unweighted,123,42,prev_50pct,0.0012925399879558,0.9526159948819233,0.9528713355211244,0.00025534063920107375
random_forest,unweighted,123,123,natural,1.0,0.030282174810736407,0.0302821748107364,6.938893903907228e-18
random_forest,unweighted,123,123,prev_0.2581pct,0.5,0.058784235136940546,0.058806997238125346,2.276210118479921e-05
random_forest,unweighted,123,123,prev_1.2765pct,0.0999997901720798,0.2379668488605374,0.238144571392549,0.00017772253201159272
random_forest,unweighted,123,123,prev_10pct,0.0116328598916028,0.7285890095778282,0.7283487072008739,0.00024030237695438217
random_forest,unweighted,123,123,prev_11.32pct,0.0100003986730482,0.7574380190066359,0.7568534203618824,0.0005845986447534646
random_forest,unweighted,123,123,prev_1pct,0.1279614588076318,0.1961678648091857,0.19638578494498257,0.00021792013579688407
random_forest,unweighted,123,123,prev_50pct,0.0012925399879558,0.9602544392885879,0.9587728196693192,0.001481619619268737
random_forest,unweighted,123,456,natural,1.0,0.03251777200445371,0.0325177720044537,6.938893903907228e-18
random_forest,unweighted,123,456,prev_0.2581pct,0.5,0.06298733617209534,0.06296589220322119,2.144396887415745e-05
random_forest,unweighted,123,456,prev_1.2765pct,0.0999997901720798,0.25155744262921664,0.2516159317067937,5.8489077577050796e-05
random_forest,unweighted,123,456,prev_10pct,0.0116328598916028,0.7428837302088701,0.7440011951237971,0.0011174649149270355
random_forest,unweighted,123,456,prev_11.32pct,0.0100003986730482,0.7706915228425364,0.7718754621258858,0.0011839392833493667
random_forest,unweighted,123,456,prev_1pct,0.1279614588076318,0.2080229306391902,0.20794631957663248,7.661106255771322e-05
random_forest,unweighted,123,456,prev_50pct,0.0012925399879558,0.9629679269178664,0.9625408680158881,0.00042705890197825003
random_forest,unweighted,123,789,natural,1.0,0.03109442585489268,0.0310944258548926,7.979727989493313e-17
random_forest,unweighted,123,789,prev_0.2581pct,0.5,0.06031343992401456,0.06035062646460467,3.718654059010895e-05
random_forest,unweighted,123,789,prev_1.2765pct,0.0999997901720798,0.24295409081581706,0.2426165369137591,0.0003375539020579743
random_forest,unweighted,123,789,prev_10pct,0.0116328598916028,0.7339551160966098,0.7344001832836736,0.0004450671870638301
random_forest,unweighted,123,789,prev_11.32pct,0.0100003986730482,0.762419737917199,0.762795536399316,0.00037579848211699574
random_forest,unweighted,123,789,prev_1pct,0.1279614588076318,0.20050959550914446,0.20025805928417068,0.00025153622497378625
random_forest,unweighted,123,789,prev_50pct,0.0012925399879558,0.9612836458335016,0.9614981467077038,0.00021450087420227248
random_forest,unweighted,456,42,natural,1.0,0.029449754585378456,0.0294497545853784,5.551115123125783e-17
random_forest,unweighted,456,42,prev_0.2581pct,0.5,0.057214554579673775,0.05723114124276551,1.658666309173329e-05
random_forest,unweighted,456,42,prev_1.2765pct,0.0999997901720798,0.2327959638932574,0.23332843161390454,0.000532467720647134
random_forest,unweighted,456,42,prev_10pct,0.0116328598916028,0.7228702303044273,0.7241341525488117,0.00126392224438443
random_forest,unweighted,456,42,prev_11.32pct,0.0100003986730482,0.7521202973095341,0.7531376955776793,0.0010173982681451754
random_forest,unweighted,456,42,prev_1pct,0.1279614588076318,0.19167678830762666,0.19185709297140136,0.00018030466377469412
random_forest,unweighted,456,42,prev_50pct,0.0012925399879558,0.9591432509671829,0.9595184165626763,0.00037516559549344297
random_forest,unweighted,456,123,natural,1.0,0.026402410755679184,0.0264024107556791,8.326672684688674e-17
random_forest,unweighted,456,123,prev_0.2581pct,0.5,0.051446509632105515,0.05141128284710459,3.522678500092469e-05
random_forest,unweighted,456,123,prev_1.2765pct,0.0999997901720798,0.21333218709011378,0.2131658265472549,0.00016636054285887325
random_forest,unweighted,456,123,prev_10pct,0.0116328598916028,0.6998069394150142,0.7009335495130226,0.001126610098008407
random_forest,unweighted,456,123,prev_11.32pct,0.0100003986730482,0.7305840030624398,0.73147398199992,0.0008899789374802181
random_forest,unweighted,456,123,prev_1pct,0.1279614588076318,0.1748673348788358,0.1747016582167119,0.00016567666212388699
random_forest,unweighted,456,123,prev_50pct,0.0012925399879558,0.9545055566582223,0.9554257169636311,0.000920160305408757
random_forest,unweighted,456,456,natural,1.0,0.025419013065639817,0.0254190130656398,1.734723475976807e-17
random_forest,unweighted,456,456,prev_0.2581pct,0.5,0.049577807202240115,0.04956952874247726,8.27845976285324e-06
random_forest,unweighted,456,456,prev_1.2765pct,0.0999997901720798,0.20686566443983742,0.20720302865752496,0.0003373642176875413
random_forest,unweighted,456,456,prev_10pct,0.0116328598916028,0.6915575841593075,0.6912715548418537,0.00028602931745380644
random_forest,unweighted,456,456,prev_11.32pct,0.0100003986730482,0.7228454486707948,0.7227955748478203,4.987382297449994e-05
random_forest,unweighted,456,456,prev_1pct,0.1279614588076318,0.16931580985189246,0.16943706804930295,0.00012125819741048982
random_forest,unweighted,456,456,prev_50pct,0.0012925399879558,0.9527831193683916,0.9521082611256995,0.000674858242692089
random_forest,unweighted,456,789,natural,1.0,0.02831713198916043,0.0283171319891604,3.122502256758253e-17
random_forest,unweighted,456,789,prev_0.2581pct,0.5,0.05507470625211547,0.05509326915827839,1.856290616292222e-05
random_forest,unweighted,456,789,prev_1.2765pct,0.0999997901720798,0.22566110287026894,0.2260532917522208,0.0003921888819518604
random_forest,unweighted,456,789,prev_10pct,0.0116328598916028,0.7147076113953369,0.716236552689181,0.001528941293844066
random_forest,unweighted,456,789,prev_11.32pct,0.0100003986730482,0.744514719949231,0.7463743392184058,0.0018596192691747726
random_forest,unweighted,456,789,prev_1pct,0.1279614588076318,0.18549746440194337,0.18573170992232846,0.00023424552038509017
random_forest,unweighted,456,789,prev_50pct,0.0012925399879558,0.9575309928222248,0.9577246034403594,0.00019361061813460978
random_forest,unweighted,789,42,natural,1.0,0.02856576076175362,0.0285657607617536,2.0816681711721685e-17
random_forest,unweighted,789,42,prev_0.2581pct,0.5,0.05554484088717454,0.05553996329609984,4.8775910747034246e-06
random_forest,unweighted,789,42,prev_1.2765pct,0.0999997901720798,0.2272372313278594,0.2269995649972061,0.00023766633065328002
random_forest,unweighted,789,42,prev_10pct,0.0116328598916028,0.7165387064351998,0.7163436179212783,0.00019508851392147086
random_forest,unweighted,789,42,prev_11.32pct,0.0100003986730482,0.7462224343084986,0.7458615349058928,0.00036089940260575215
random_forest,unweighted,789,42,prev_1pct,0.1279614588076318,0.18686076494813394,0.18672767274605667,0.0001330922020772729
random_forest,unweighted,789,42,prev_50pct,0.0012925399879558,0.9578953868376502,0.9573080391465137,0.0005873476911364417
random_forest,unweighted,789,123,natural,1.0,0.029207056262812888,0.0292070562628128,8.673617379884035e-17
random_forest,unweighted,789,123,prev_0.2581pct,0.5,0.05675642444362474,0.056726574051668116,2.985039195662481e-05
random_forest,unweighted,789,123,prev_1.2765pct,0.0999997901720798,0.23127680249337065,0.23119131117964592,8.549131372473373e-05
random_forest,unweighted,789,123,prev_10pct,0.0116328598916028,0.7211591308565468,0.722194942282621,0.001035811426074229
random_forest,unweighted,789,123,prev_11.32pct,0.0100003986730482,0.7505274706240292,0.7514545235500643,0.0009270529260350102
random_forest,unweighted,789,123,prev_1pct,0.1279614588076318,0.19035938030842858,0.19009566433599803,0.00026371597243055045
random_forest,unweighted,789,123,prev_50pct,0.0012925399879558,0.9588078561444502,0.9583312915834429,0.0004765645610073088
random_forest,unweighted,789,456,natural,1.0,0.02637769200904378,0.0263776920090437,7.979727989493313e-17
random_forest,unweighted,789,456,prev_0.2581pct,0.5,0.051399581683058165,0.05138596602652126,1.3615656536902776e-05
random_forest,unweighted,789,456,prev_1.2765pct,0.0999997901720798,0.21317077754502234,0.21294111906869514,0.0002296584763271936
random_forest,unweighted,789,456,prev_10pct,0.0116328598916028,0.6996047941426993,0.6995313742879802,7.341985471909229e-05
random_forest,unweighted,789,456,prev_11.32pct,0.0100003986730482,0.7303945982127987,0.7300182210135279,0.0003763771992708609
random_forest,unweighted,789,456,prev_1pct,0.1279614588076318,0.17472856415569346,0.17461916909782121,0.0001093950578722469
random_forest,unweighted,789,456,prev_50pct,0.0012925399879558,0.9544637613085927,0.9545412840868895,7.752277829686793e-05
random_forest,unweighted,789,789,natural,1.0,0.045732324254320285,0.0457323242543202,8.326672684688674e-17
random_forest,unweighted,789,789,prev_0.2581pct,0.5,0.0874646851658346,0.08752953553584429,6.485037000969474e-05
random_forest,unweighted,789,789,prev_1.2765pct,0.0999997901720798,0.3239776378020878,0.32422124473671354,0.00024360693462571748
random_forest,unweighted,789,789,prev_10pct,0.0116328598916028,0.8046764070563802,0.8042678577840913,0.00040854927228894944
random_forest,unweighted,789,789,prev_11.32pct,0.0100003986730482,0.8273542950319264,0.8273826059124129,2.8310880486492884e-05
random_forest,unweighted,789,789,prev_1pct,0.1279614588076318,0.272472781140109,0.27261945114212993,0.00014667000202095437
random_forest,unweighted,789,789,prev_50pct,0.0012925399879558,0.9737376909507067,0.9736974383820787,4.025256862805193e-05
random_forest,weighted,42,42,natural,1.0,0.027742780829511666,0.0277427808295116,6.591949208711867e-17
random_forest,weighted,42,42,prev_0.2581pct,0.5,0.0539877902272783,0.053976137085799965,1.1653141478336349e-05
random_forest,weighted,42,42,prev_1.2765pct,0.0999997901720798,0.22199854770580277,0.22200912791212699,1.0580206324217745e-05
random_forest,weighted,42,42,prev_10pct,0.0116328598916028,0.710389541084486,0.7098063629583826,0.000583178126103423
random_forest,weighted,42,42,prev_11.32pct,0.0100003986730482,0.7404839824348908,0.7403416311296428,0.00014235130524797857
random_forest,weighted,42,42,prev_1pct,0.1279614588076318,0.1823332831109977,0.1823078360427495,2.5447068248196647e-05
random_forest,weighted,42,42,prev_50pct,0.0012925399879558,0.9566653571967856,0.9561489578818728,0.0005163993149127633
random_forest,weighted,42,123,natural,1.0,0.03292690287921772,0.0329269028792177,2.0816681711721685e-17
random_forest,weighted,42,123,prev_0.2581pct,0.5,0.063754565376187,0.0637770557080861,2.249033189910543e-05
random_forest,weighted,42,123,prev_1.2765pct,0.0999997901720798,0.25399895415129187,0.2543380500076891,0.0003390958563972424
random_forest,weighted,42,123,prev_10pct,0.0116328598916028,0.7453449775719356,0.7457287725449829,0.00038379497304730226
random_forest,weighted,42,123,prev_11.32pct,0.0100003986730482,0.7729679301004435,0.7728932187445305,7.471135591297084e-05
random_forest,weighted,42,123,prev_1pct,0.1279614588076318,0.21016055897618405,0.2103646632727797,0.00020410429659564744
random_forest,weighted,42,123,prev_50pct,0.0012925399879558,0.9634261371941157,0.9639494876473684,0.0005233504532526911
random_forest,weighted,42,456,natural,1.0,0.02065724210956512,0.0206572421095651,2.0816681711721685e-17
random_forest,weighted,42,456,prev_0.2581pct,0.5,0.040478313888939445,0.04047571604078187,2.597848157571969e-06
random_forest,weighted,42,456,prev_1.2765pct,0.0999997901720798,0.1741884940019203,0.17396647872045545,0.0002220152814648435
random_forest,weighted,42,456,prev_10pct,0.0116328598916028,0.6445357732812159,0.6450610773386495,0.0005253040574335621
random_forest,weighted,42,456,prev_11.32pct,0.0100003986730482,0.6783751378135326,0.6791078439127106,0.000732706099177971
random_forest,weighted,42,456,prev_1pct,0.1279614588076318,0.1415118324274379,0.14135338660382687,0.00015844582361101978
random_forest,weighted,42,456,prev_50pct,0.0012925399879558,0.9422599573891304,0.9429749242880824,0.0007149668989520075
random_forest,weighted,42,789,natural,1.0,0.03135440760729889,0.0313544076072988,9.020562075079397e-17
random_forest,weighted,42,789,prev_0.2581pct,0.5,0.06080239222526788,0.060794465037641084,7.927187626793897e-06
random_forest,weighted,42,789,prev_1.2765pct,0.0999997901720798,0.24453837119878824,0.24452553300582758,1.2838192960662465e-05
random_forest,weighted,42,789,prev_10pct,0.0116328598916028,0.7356299708072889,0.7351720828743873,0.0004578879329015795
random_forest,weighted,42,789,prev_11.32pct,0.0100003986730482,0.7639730230766762,0.763156786734804,0.0008162363418722229
random_forest,weighted,42,789,prev_1pct,0.1279614588076318,0.2018909108515667,0.20187789338591475,1.3017465651965487e-05
random_forest,weighted,42,789,prev_50pct,0.0012925399879558,0.9616022509440507,0.9620127717139559,0.00041052076990522046
random_forest,weighted,123,42,natural,1.0,0.03924217111577152,0.0392421711157715,1.3877787807814457e-17
random_forest,weighted,123,42,prev_0.2581pct,0.5,0.07552074426240722,0.07551672077534578,4.023487061438624e-06
random_forest,weighted,123,42,prev_1.2765pct,0.0999997901720798,0.29000016935517836,0.2895193132464119,0.0004808561087664698
random_forest,weighted,123,42,prev_10pct,0.0116328598916028,0.7783283111008955,0.7783927285142548,6.441741335927453e-05
random_forest,weighted,123,42,prev_11.32pct,0.0100003986730482,0.8033175993883214,0.8028533253077687,0.0004642740805527179
random_forest,weighted,123,42,prev_1pct,0.1279614588076318,0.24196357278586036,0.2415958558707893,0.00036771691507106463
random_forest,weighted,123,42,prev_50pct,0.0012925399879558,0.969325702768446,0.969270944905602,5.475786284403483e-05
random_forest,weighted,123,123,natural,1.0,0.027916399031572708,0.0279163990315727,6.938893903907228e-18
random_forest,weighted,123,123,prev_0.2581pct,0.5,0.054316477600461446,0.054301759312306144,1.4718288155302073e-05
random_forest,weighted,123,123,prev_1.2765pct,0.0999997901720798,0.22310887736057358,0.22293836006389536,0.0001705172966782187
random_forest,weighted,123,123,prev_10pct,0.0116328598916028,0.7117080126788629,0.7123915973468417,0.0006835846679787982
random_forest,weighted,123,123,prev_11.32pct,0.0100003986730482,0.7417152602740305,0.7426482459473811,0.0009329856733506503
random_forest,weighted,123,123,prev_1pct,0.1279614588076318,0.1832919647889205,0.18315449881225235,0.00013746597666813853
random_forest,weighted,123,123,prev_50pct,0.0012925399879558,0.9569306163332135,0.9571291625916032,0.00019854625838966466
random_forest,weighted,123,456,natural,1.0,0.027251934400700763,0.0272519344007007,6.245004513516506e-17
random_forest,weighted,123,456,prev_0.2581pct,0.5,0.05305793737268464,0.05306194882397405,4.01145128941377e-06
random_forest,weighted,123,456,prev_1.2765pct,0.0999997901720798,0.2188443932502878,0.21920515897919488,0.00036076572890708647
random_forest,weighted,123,456,prev_10pct,0.0116328598916028,0.7065985383235291,0.7066409622473034,4.242392377429294e-05
random_forest,weighted,123,456,prev_11.32pct,0.0100003986730482,0.7369410404942356,0.7370955135333354,0.00015447303909976728
random_forest,weighted,123,456,prev_1pct,0.1279614588076318,0.17961258590966384,0.17980772906190576,0.00019514315224192225
random_forest,weighted,123,456,prev_50pct,0.0012925399879558,0.955897971173094,0.9551839883427832,0.0007139828303108775
random_forest,weighted,123,789,natural,1.0,0.023321699856292344,0.0233216998562923,4.5102810375396984e-17
random_forest,weighted,123,789,prev_0.2581pct,0.5,0.04558038759378887,0.04558718621893783,6.798625148955739e-06
random_forest,weighted,123,789,prev_1.2765pct,0.0999997901720798,0.1927583269728434,0.19286364879250717,0.00010532181966377285
random_forest,weighted,123,789,prev_10pct,0.0116328598916028,0.6724194532443931,0.6726801398557738,0.0002606866113806783
random_forest,weighted,123,789,prev_11.32pct,0.0100003986730482,0.7048200280758421,0.7054577173053582,0.0006376892295161252
random_forest,weighted,123,789,prev_1pct,0.1279614588076318,0.1572614699959035,0.15735674735476393,9.527735886041833e-05
random_forest,weighted,123,789,prev_50pct,0.0012925399879558,0.9486499004032961,0.9489836190180734,0.0003337186147772675
random_forest,weighted,456,42,natural,1.0,0.023233038839806635,0.0232330388398066,3.469446951953614e-17
random_forest,weighted,456,42,prev_0.2581pct,0.5,0.04541104119575621,0.04540100582591244,1.003536984377218e-05
random_forest,weighted,456,42,prev_1.2765pct,0.0999997901720798,0.19215225498982397,0.19218137405332703,2.911906350305804e-05
random_forest,weighted,456,42,prev_10pct,0.0116328598916028,0.6715598896732494,0.6730976259528468,0.0015377362795974125
random_forest,weighted,456,42,prev_11.32pct,0.0100003986730482,0.7040080586685393,0.7056665496546402,0.0016584909861008246
random_forest,weighted,456,42,prev_1pct,0.1279614588076318,0.15674533580926367,0.15687478323916815,0.00012944742990447788
random_forest,weighted,456,42,prev_50pct,0.0012925399879558,0.9484596019419422,0.9493457715893497,0.0008861696474075087
random_forest,weighted,456,123,natural,1.0,0.038594267201915625,0.0385942672019156,2.7755575615628914e-17
random_forest,weighted,456,123,prev_0.2581pct,0.5,0.07432020071879027,0.07432228911187465,2.088393084381801e-06
random_forest,weighted,456,123,prev_1.2765pct,0.0999997901720798,0.2864465111526828,0.2867514252508397,0.000304914098156861
random_forest,weighted,456,123,prev_10pct,0.0116328598916028,0.7753252234010741,0.7743085939092426,0.0010166294918315666
random_forest,weighted,456,123,prev_11.32pct,0.0100003986730482,0.8005663074160617,0.8001003867099531,0.00046592070610862457
random_forest,weighted,456,123,prev_1pct,0.1279614588076318,0.23880057192087853,0.23901385819764434,0.0002132862767658117
random_forest,weighted,456,123,prev_50pct,0.0012925399879558,0.9688064420001776,0.9692473091307738,0.00044086713059621196
random_forest,weighted,456,456,natural,1.0,0.028943522288339074,0.028943522288339,7.28583859910259e-17
random_forest,weighted,456,456,prev_0.2581pct,0.5,0.05625871908687381,0.056200497279722914,5.822180715089886e-05
random_forest,weighted,456,456,prev_1.2765pct,0.0999997901720798,0.22962125860170376,0.22930603321919818,0.00031522538250558507
random_forest,weighted,456,456,prev_10pct,0.0116328598916028,0.7192780310321082,0.7173416433141447,0.0019363877179634503
random_forest,weighted,456,456,prev_11.32pct,0.0100003986730482,0.7487754752258988,0.7465696661013905,0.0022058091245082956
random_forest,weighted,456,456,prev_1pct,0.1279614588076318,0.1889247507786355,0.18859283482391578,0.00033191595471970814
random_forest,weighted,456,456,prev_50pct,0.0012925399879558,0.9584375705262781,0.9580798371542582,0.0003577333720199416
random_forest,weighted,456,789,natural,1.0,0.03208133130200398,0.0320813313020039,8.326672684688674e-17
random_forest,weighted,456,789,prev_0.2581pct,0.5,0.062168223237857326,0.06215020809948393,1.8015138373392303e-05
random_forest,weighted,456,789,prev_1.2765pct,0.0999997901720798,0.248937578297327,0.24900062332106862,6.304502374163135e-05
random_forest,weighted,456,789,prev_10pct,0.0116328598916028,0.7402075648434252,0.7394292584489799,0.0007783063944453161
random_forest,weighted,456,789,prev_11.32pct,0.0100003986730482,0.7682144859766844,0.7680499436246023,0.00016454235208207546
random_forest,weighted,456,789,prev_1pct,0.1279614588076318,0.2057318310545624,0.2057155006704608,1.633038410159271e-05
random_forest,weighted,456,789,prev_50pct,0.0012925399879558,0.9624667470395418,0.9620915269285691,0.00037522011097268493
random_forest,weighted,789,42,natural,1.0,0.02393739772584232,0.0239373977258423,2.0816681711721685e-17
random_forest,weighted,789,42,prev_0.2581pct,0.5,0.04675558833773844,0.04677539699726348,1.980865952503491e-05
random_forest,weighted,789,42,prev_1.2765pct,0.0999997901720798,0.19694518384861254,0.19684178519872522,0.00010339864988731517
random_forest,weighted,789,42,prev_10pct,0.0116328598916028,0.6782708620427539,0.6783516879290911,8.082588633717691e-05
random_forest,weighted,789,42,prev_11.32pct,0.0100003986730482,0.7103419918378286,0.710229945381623,0.00011204645620566112
random_forest,weighted,789,42,prev_1pct,0.1279614588076318,0.16083092226639337,0.1606420175560689,0.00018890471032445566
random_forest,weighted,789,42,prev_50pct,0.0012925399879558,0.9499345187968323,0.9505475147134596,0.0006129959166272236
random_forest,weighted,789,123,natural,1.0,0.021141295252970378,0.0211412952529703,7.979727989493313e-17
random_forest,weighted,789,123,prev_0.2581pct,0.5,0.04140718889981427,0.04141329420202319,6.105302208923857e-06
random_forest,weighted,789,123,prev_1.2765pct,0.0999997901720798,0.1776177026896145,0.1776299142303487,1.2211540734219373e-05
random_forest,weighted,789,123,prev_10pct,0.0116328598916028,0.64993701870961,0.649803805497468,0.00013321321214199155
random_forest,weighted,789,123,prev_11.32pct,0.0100003986730482,0.6835146771563568,0.6830934581136212,0.00042121904273562105
random_forest,weighted,789,123,prev_1pct,0.1279614588076318,0.14441023717306195,0.14441429449969445,4.05732663250058e-06
random_forest,weighted,789,123,prev_50pct,0.0012925399879558,0.9435336400186943,0.9431472404894886,0.0003863995292057165
random_forest,weighted,789,456,natural,1.0,0.03275249140392797,0.0327524914039279,6.938893903907228e-17
random_forest,weighted,789,456,prev_0.2581pct,0.5,0.06342757180746007,0.06343701315819564,9.441350735564513e-06
random_forest,weighted,789,456,prev_1.2765pct,0.0999997901720798,0.25295984198415133,0.25338692650176564,0.00042708451761430677
random_forest,weighted,789,456,prev_10pct,0.0116328598916028,0.7443012853968515,0.7448194702470674,0.0005181848502159303
random_forest,weighted,789,456,prev_11.32pct,0.0100003986730482,0.7720028185637179,0.7727182355609452,0.000715416997227325
random_forest,weighted,789,456,prev_1pct,0.1279614588076318,0.20925048498622228,0.20944250572808532,0.00019202074186303042
random_forest,weighted,789,456,prev_50pct,0.0012925399879558,0.963232149931999,0.9630423980357176,0.00018975189628145372
random_forest,weighted,789,789,natural,1.0,0.02841110156210505,0.028411101562105,5.204170427930421e-17
random_forest,weighted,789,789,prev_0.2581pct,0.5,0.055252420980189745,0.05532153230726438,6.911132707463491e-05
random_forest,weighted,789,789,prev_1.2765pct,0.0999997901720798,0.22625746303175617,0.22619913468109845,5.832835065772146e-05
random_forest,weighted,789,789,prev_10pct,0.0116328598916028,0.7154023399928975,0.7143859582787552,0.0010163817141423115
random_forest,weighted,789,789,prev_11.32pct,0.0100003986730482,0.7451627447865062,0.7440698746385466,0.001092870147959668
random_forest,weighted,789,789,prev_1pct,0.1279614588076318,0.18601318062613317,0.18599372363748856,1.945698864461165e-05
random_forest,weighted,789,789,prev_50pct,0.0012925399879558,0.9576694330703711,0.9566586606162305,0.0010107724541406071
xgboost,unweighted,42,42,natural,1.0,0.05821261184490839,0.0582126118449083,9.020562075079397e-17
xgboost,unweighted,42,42,prev_0.2581pct,0.5,0.11002063516029996,0.11003577119022033,1.5136029920370664e-05
xgboost,unweighted,42,42,prev_1.2765pct,0.0999997901720798,0.38199469379239825,0.38118147200443553,0.0008132217879627257
xgboost,unweighted,42,42,prev_10pct,0.0116328598916028,0.8416083392318157,0.8422595034071917,0.0006511641753760289
xgboost,unweighted,42,42,prev_11.32pct,0.0100003986730482,0.8607403605270898,0.860990076765124,0.0002497162380341589
xgboost,unweighted,42,42,prev_1pct,0.1279614588076318,0.32571033319332177,0.3253486127941091,0.00036172039921267274
xgboost,unweighted,42,42,prev_50pct,0.0012925399879558,0.9795170838151916,0.9796698990580646,0.0001528152428729168
xgboost,unweighted,42,123,natural,1.0,0.03965690496698249,0.0396569049669824,9.020562075079397e-17
xgboost,unweighted,42,123,prev_0.2581pct,0.5,0.07628844627015086,0.07623566623633064,5.278003382021279e-05
xgboost,unweighted,42,123,prev_1.2765pct,0.0999997901720798,0.2922588909970985,0.29205904500873525,0.0001998459883632564
xgboost,unweighted,42,123,prev_10pct,0.0116328598916028,0.7802109151476673,0.781491130408315,0.001280215260647699
xgboost,unweighted,42,123,prev_11.32pct,0.0100003986730482,0.8050411351875127,0.8065697618364623,0.0015286266489495937
xgboost,unweighted,42,123,prev_1pct,0.1279614588076318,0.2439767184386348,0.24373199335471982,0.00024472508391498726
xgboost,unweighted,42,123,prev_50pct,0.0012925399879558,0.9696494649514268,0.9695487908558501,0.0001006740955766805
xgboost,unweighted,42,456,natural,1.0,0.06519913627639155,0.0651991362763915,5.551115123125783e-17
xgboost,unweighted,42,456,prev_0.2581pct,0.5,0.12241680274790247,0.1224527386506762,3.59359027737316e-05
xgboost,unweighted,42,456,prev_1.2765pct,0.0999997901720798,0.4108869187939178,0.409811956866465,0.0010749619274528222
xgboost,unweighted,42,456,prev_10pct,0.0116328598916028,0.8570540172298089,0.8561091634542948,0.0009448537755141206
xgboost,unweighted,42,456,prev_11.32pct,0.0100003986730482,0.8745983552649338,0.8736977720293155,0.0009005832356182575
xgboost,unweighted,42,456,prev_1pct,0.1279614588076318,0.35277554601119465,0.3513888447053148,0.0013867013058798672
xgboost,unweighted,42,456,prev_50pct,0.0012925399879558,0.981805229108806,0.9810875339567825,0.0007176951520234676
xgboost,unweighted,42,789,natural,1.0,0.04202794290257847,0.0420279429025784,6.938893903907228e-17
xgboost,unweighted,42,789,prev_0.2581pct,0.5,0.08066567348570183,0.08070274056589401,3.7067080192174084e-05
xgboost,unweighted,42,789,prev_1.2765pct,0.0999997901720798,0.3049371222953587,0.3048889520684342,4.817022692449324e-05
xgboost,unweighted,42,789,prev_10pct,0.0116328598916028,0.790416456464908,0.7904631564762963,4.670001138828983e-05
xgboost,unweighted,42,789,prev_11.32pct,0.0100003986730482,0.8143680425019698,0.8143128303210899,5.5212180879893324e-05
xgboost,unweighted,42,789,prev_1pct,0.1279614588076318,0.25531604407626013,0.2553537750115043,3.773093524417348e-05
xgboost,unweighted,42,789,prev_50pct,0.0012925399879558,0.9713813939471281,0.9715974980513401,0.00021610410421202264
xgboost,unweighted,123,42,natural,1.0,0.05383949191685912,0.0538394919168591,2.0816681711721685e-17
xgboost,unweighted,123,42,prev_0.2581pct,0.5,0.10217778386522394,0.10210785829821903,6.99255670049137e-05
xgboost,unweighted,123,42,prev_1.2765pct,0.0999997901720798,0.36266455888849686,0.3628618286369384,0.0001972697484415309
xgboost,unweighted,123,42,prev_10pct,0.0116328598916028,0.8302663993898762,0.8322402908058626,0.001973891415986362
xgboost,unweighted,123,42,prev_11.32pct,0.0100003986730482,0.8505250879517281,0.8521618099012435,0.0016367219495153629
xgboost,unweighted,123,42,prev_1pct,0.1279614588076318,0.3078097788009543,0.3076647395050437,0.00014503929591058728
xgboost,unweighted,123,42,prev_50pct,0.0012925399879558,0.9777897557269726,0.9778058842174137,1.612849044108078e-05
xgboost,unweighted,123,123,natural,1.0,0.04091451723763701,0.040914517237637,1.3877787807814457e-17
xgboost,unweighted,123,123,prev_0.2581pct,0.5,0.07861263640786821,0.07855880236525341,5.383404261480318e-05
xgboost,unweighted,123,123,prev_1.2765pct,0.0999997901720798,0.2990327490631299,0.2987152732613825,0.0003174758017474022
xgboost,unweighted,123,123,prev_10pct,0.0116328598916028,0.7857383930103977,0.7849243975771799,0.0008139954332178068
xgboost,unweighted,123,123,prev_11.32pct,0.0100003986730482,0.8100961504681865,0.8096699410321372,0.0004262094360493185
xgboost,unweighted,123,123,prev_1pct,0.1279614588076318,0.2500268488210176,0.24984747863832146,0.00017937018269614802
xgboost,unweighted,123,123,prev_50pct,0.0012925399879558,0.9705923225821522,0.9701256775746999,0.0004666450074523043
xgboost,unweighted,123,456,natural,1.0,0.04841481226909528,0.0484148122690952,8.326672684688674e-17
xgboost,unweighted,123,456,prev_0.2581pct,0.5,0.0923581233353821,0.0924037252108116,4.5601875429499006e-05
xgboost,unweighted,123,456,prev_1.2765pct,0.0999997901720798,0.33721359843646137,0.3377481662118758,0.0005345677754144407
xgboost,unweighted,123,456,prev_10pct,0.0116328598916028,0.8139067681138816,0.8147158698498164,0.0008091017359347363
xgboost,unweighted,123,456,prev_11.32pct,0.0100003986730482,0.8357317481126139,0.8361656921690099,0.0004339440563960739
xgboost,unweighted,123,456,prev_1pct,0.1279614588076318,0.28449004639084186,0.2847077149937258,0.00021766860288396916
xgboost,unweighted,123,456,prev_50pct,0.0012925399879558,0.9752247456555323,0.975140696574117,8.404908141534939e-05
xgboost,unweighted,123,789,natural,1.0,0.0489553016810738,0.0489553016810738,0.0
xgboost,unweighted,123,789,prev_0.2581pct,0.5,0.093341063442107,0.09330375707021048,3.73063718965283e-05
xgboost,unweighted,123,789,prev_1.2765pct,0.0999997901720798,0.33982678843170777,0.33944513225645,0.00038165617525776074
xgboost,unweighted,123,789,prev_10pct,0.0116328598916028,0.8156678669022369,0.8153129279062751,0.00035493899596183986
xgboost,unweighted,123,789,prev_11.32pct,0.0100003986730482,0.8373275861823031,0.8366908362644837,0.0006367499178193681
xgboost,unweighted,123,789,prev_1pct,0.1279614588076318,0.28687150411584944,0.2868543140574617,1.719005838773935e-05
xgboost,unweighted,123,789,prev_50pct,0.0012925399879558,0.9755051517672242,0.9753258100394657,0.00017934172775846413
xgboost,unweighted,456,42,natural,1.0,0.03144496434937612,0.0314449643493761,1.3877787807814457e-17
xgboost,unweighted,456,42,prev_0.2581pct,0.5,0.06097264601841601,0.061020621985532646,4.797596711663549e-05
xgboost,unweighted,456,42,prev_1.2765pct,0.0999997901720798,0.2450888501803909,0.2449510489811865,0.00013780119920439593
xgboost,unweighted,456,42,prev_10pct,0.0116328598916028,0.7362086233895055,0.7362112520021975,2.628612691957244e-06
xgboost,unweighted,456,42,prev_11.32pct,0.0100003986730482,0.7645094978506746,0.7643056660128928,0.00020383183778172054
xgboost,unweighted,456,42,prev_1pct,0.1279614588076318,0.2023711035288634,0.2023116962351645,5.940729369888209e-05
xgboost,unweighted,456,42,prev_50pct,0.0012925399879558,0.9617120391264397,0.9620283401456533,0.0003163010192136495
xgboost,unweighted,456,123,natural,1.0,0.03250417458398111,0.0325041745839811,6.938893903907228e-18
xgboost,unweighted,456,123,prev_0.2581pct,0.5,0.0629618269525695,0.06302498358932543,6.315663675593441e-05
xgboost,unweighted,456,123,prev_1.2765pct,0.0999997901720798,0.2514760604131665,0.2510102313647573,0.00046582904840919426
xgboost,unweighted,456,123,prev_10pct,0.0116328598916028,0.7428011498975957,0.7421166354753572,0.0006845144222384913
xgboost,unweighted,456,123,prev_11.32pct,0.0100003986730482,0.7706151160404391,0.7701908398332948,0.0004242762071442474
xgboost,unweighted,456,123,prev_1pct,0.1279614588076318,0.20795171924115646,0.20769589062912602,0.00025582861203043983
xgboost,unweighted,456,123,prev_50pct,0.0012925399879558,0.9629525078797224,0.9632226659071444,0.00027015802742202943
xgboost,unweighted,456,456,natural,1.0,0.03181678019790878,0.0318167801979087,8.326672684688674e-17
xgboost,unweighted,456,456,prev_0.2581pct,0.5,0.0616713757878722,0.06166737013874112,4.0056491310766495e-06
xgboost,unweighted,456,456,prev_1.2765pct,0.0999997901720798,0.24734174348297905,0.2477483575485078,0.0004066140655287487
xgboost,unweighted,456,456,prev_10pct,0.0116328598916028,0.7385593024204816,0.7389756773222312,0.00041637490174961655
xgboost,unweighted,456,456,prev_11.32pct,0.0100003986730482,0.7666879066123156,0.7671310151925023,0.00044310858018670185
xgboost,unweighted,456,456,prev_1pct,0.1279614588076318,0.20433761537271014,0.2044213211132983,8.37057405881636e-05
xgboost,unweighted,456,456,prev_50pct,0.0012925399879558,0.9621565223073405,0.9627843466074824,0.0006278243001418549
xgboost,unweighted,456,789,natural,1.0,0.05065023956194387,0.0506502395619438,7.632783294297951e-17
xgboost,unweighted,456,789,prev_0.2581pct,0.5,0.09641693811074918,0.09632727519168915,8.966291906002677e-05
xgboost,unweighted,456,789,prev_1.2765pct,0.0999997901720798,0.34790832746695644,0.3478208418008944,8.748566606203712e-05
xgboost,unweighted,456,789,prev_10pct,0.0116328598916028,0.820992770317859,0.8199579357028617,0.0010348346149973153
xgboost,unweighted,456,789,prev_11.32pct,0.0100003986730482,0.8421478812599706,0.8407984580652682,0.001349423194702437
xgboost,unweighted,456,789,prev_1pct,0.1279614588076318,0.29425501670805093,0.29423236240534684,2.2654302704094853e-05
xgboost,unweighted,456,789,prev_50pct,0.0012925399879558,0.9763466440628842,0.9757327092736745,0.0006139347892096803
xgboost,unweighted,789,42,natural,1.0,0.03734467187448499,0.0373446718744849,9.020562075079397e-17
xgboost,unweighted,789,42,prev_0.2581pct,0.5,0.07200050838840874,0.07197860302203934,2.1905366369395773e-05
xgboost,unweighted,789,42,prev_1.2765pct,0.0999997901720798,0.2795050604086443,0.27907636520806045,0.0004286952005838618
xgboost,unweighted,789,42,prev_10pct,0.0116328598916028,0.7693094781227481,0.7688078735502067,0.0005016045725413365
xgboost,unweighted,789,42,prev_11.32pct,0.0100003986730482,0.7950477472851923,0.7946815106531036,0.00036623663208879
xgboost,unweighted,789,42,prev_1pct,0.1279614588076318,0.23263729294554786,0.23224150514313838,0.00039578780240948075
xgboost,unweighted,789,42,prev_50pct,0.0012925399879558,0.9677557758918249,0.9683372927950045,0.0005815169031795353
xgboost,unweighted,789,123,natural,1.0,0.032731862646662266,0.0327318626466622,6.245004513516506e-17
xgboost,unweighted,789,123,prev_0.2581pct,0.5,0.06338888888888888,0.06340740724336913,1.8518354480245858e-05
xgboost,unweighted,789,123,prev_1.2765pct,0.0999997901720798,0.25283677291583023,0.25269531639377685,0.00014145652205338477
xgboost,unweighted,789,123,prev_10pct,0.0116328598916028,0.7441773002418824,0.7436811372863563,0.0004961629555261249
xgboost,unweighted,789,123,prev_11.32pct,0.0100003986730482,0.7718881488899201,0.7712384425861092,0.000649706303810893
xgboost,unweighted,789,123,prev_1pct,0.1279614588076318,0.20914272775395085,0.20909431416422078,4.8413589730067486e-05
xgboost,unweighted,789,123,prev_50pct,0.0012925399879558,0.9632090743040989,0.9626200688548536,0.0005890054492452279
xgboost,unweighted,789,456,natural,1.0,0.029657951844579932,0.0296579518445799,3.122502256758253e-17
xgboost,unweighted,789,456,prev_0.2581pct,0.5,0.05760738659173023,0.05762631845521105,1.8931863480821376e-05
xgboost,unweighted,789,456,prev_1.2765pct,0.0999997901720798,0.23409499284964014,0.2341737470251919,7.875417555175401e-05
xgboost,unweighted,789,456,prev_10pct,0.0116328598916028,0.7243221104018629,0.7234426947683344,0.0008794156335284464
xgboost,unweighted,789,456,prev_11.32pct,0.0100003986730482,0.7534711980847715,0.7524709924669796,0.001000205617791905
xgboost,unweighted,789,456,prev_1pct,0.1279614588076318,0.19280402985032366,0.1929587029184613,0.0001546730681376285
xgboost,unweighted,789,456,prev_50pct,0.0012925399879558,0.9594267760397048,0.9590805867075152,0.0003461893321896614
xgboost,unweighted,789,789,natural,1.0,0.03808275352089006,0.03808275352089,5.551115123125783e-17
xgboost,unweighted,789,789,prev_0.2581pct,0.5,0.073371324957907,0.07332046717846351,5.085777944349723e-05
xgboost,unweighted,789,789,prev_1.2765pct,0.0999997901720798,0.28361913064280414,0.2829696544460245,0.0006494761967796303
xgboost,unweighted,789,789,prev_10pct,0.0116328598916028,0.7728991755248666,0.7716390538292677,0.0012601216955989702
xgboost,unweighted,789,789,prev_11.32pct,0.0100003986730482,0.7983419238836013,0.7970635453039262,0.0012783785796750546
xgboost,unweighted,789,789,prev_1pct,0.1279614588076318,0.23628774912599426,0.23587019582427962,0.00041755330171464045
xgboost,unweighted,789,789,prev_50pct,0.0012925399879558,0.968384420174129,0.9679580488573116,0.0004263713168173311
xgboost,weighted,42,42,natural,1.0,0.06431002567624051,0.0643100256762405,1.3877787807814457e-17
xgboost,weighted,42,42,prev_0.2581pct,0.5,0.12084829443447037,0.12086111058468701,1.2816150216643507e-05
xgboost,weighted,42,42,prev_1.2765pct,0.0999997901720798,0.4073378741786535,0.40711943033486264,0.0002184438437908831
xgboost,weighted,42,42,prev_10pct,0.0116328598916028,0.8552459233854678,0.8557541763743448,0.0005082529888770226
xgboost,weighted,42,42,prev_11.32pct,0.0100003986730482,0.872979286956294,0.8734516231268128,0.0004723361705187834
xgboost,weighted,42,42,prev_1pct,0.1279614588076318,0.34943071642169465,0.34912971174947705,0.0003010046722176085
xgboost,weighted,42,42,prev_50pct,0.0012925399879558,0.9815411019366206,0.9816043161132469,6.321417662635831e-05
xgboost,weighted,42,123,natural,1.0,0.05309385177143985,0.0530938517714398,4.85722573273506e-17
xgboost,weighted,42,123,prev_0.2581pct,0.5,0.1008340361728048,0.10082818339594883,5.852776855969077e-06
xgboost,weighted,42,123,prev_1.2765pct,0.0999997901720798,0.3592659254154861,0.3589474364143236,0.0003184890011624919
xgboost,weighted,42,123,prev_10pct,0.0116328598916028,0.828179926450942,0.8269834958079986,0.0011964306429433913
xgboost,weighted,42,123,prev_11.32pct,0.0100003986730482,0.848642248940845,0.8475725028377838,0.0010697461030610977
xgboost,weighted,42,123,prev_1pct,0.1279614588076318,0.30467945786258027,0.3045857193685784,9.37384940018493e-05
xgboost,weighted,42,123,prev_50pct,0.0012925399879558,0.9774675183586794,0.9774998040206944,3.2285662014963634e-05
xgboost,weighted,42,456,natural,1.0,0.06758725533666941,0.0675872553366694,1.3877787807814457e-17
xgboost,weighted,42,456,prev_0.2581pct,0.5,0.12661682686602588,0.12664258975497977,2.5762888953895224e-05
xgboost,weighted,42,456,prev_1.2765pct,0.0999997901720798,0.42024470184952206,0.4199929252304135,0.00025177661910857907
xgboost,weighted,42,456,prev_10pct,0.0116328598916028,0.8617099329831293,0.8614731025868185,0.00023683039631072766
xgboost,weighted,42,456,prev_11.32pct,0.0100003986730482,0.8787636657916238,0.8778975524238981,0.0008661133677256849
xgboost,weighted,42,456,prev_1pct,0.1279614588076318,0.36162226305560474,0.36139086433213063,0.00023139872347410773
xgboost,weighted,42,456,prev_50pct,0.0012925399879558,0.9824809117661901,0.9829149695100711,0.00043405774388094454
xgboost,weighted,42,789,natural,1.0,0.060036791348458664,0.0600367913484586,6.245004513516506e-17
xgboost,weighted,42,789,prev_0.2581pct,0.5,0.11327303323517038,0.11330914966553599,3.6116430365606966e-05
xgboost,weighted,42,789,prev_1.2765pct,0.0999997901720798,0.3897659883606729,0.3908042805872259,0.0010382922265529948
xgboost,weighted,42,789,prev_10pct,0.0116328598916028,0.845931133324209,0.8471826930803972,0.0012515597561881808
xgboost,weighted,42,789,prev_11.32pct,0.0100003986730482,0.8646249960849728,0.8662785405235929,0.0016535444386200915
xgboost,weighted,42,789,prev_1pct,0.1279614588076318,0.3329534800514025,0.3338903544651162,0.0009368744137137064
xgboost,weighted,42,789,prev_50pct,0.0012925399879558,0.9801648050273797,0.9802884394215293,0.00012363439414964095
xgboost,weighted,123,42,natural,1.0,0.030659546206186127,0.0306595462061861,2.7755575615628914e-17
xgboost,weighted,123,42,prev_0.2581pct,0.5,0.05949500263019464,0.05950063686195087,5.6342317562296795e-06
xgboost,weighted,123,42,prev_1.2765pct,0.0999997901720798,0.24029102636823396,0.24031060827077724,1.958190254328085e-05
xgboost,weighted,123,42,prev_10pct,0.0116328598916028,0.7311076527078935,0.7314321550546252,0.0003245023467317587
xgboost,weighted,123,42,prev_11.32pct,0.0100003986730482,0.7597772164111406,0.7604469574138423,0.0006697410027016737
xgboost,weighted,123,42,prev_1pct,0.1279614588076318,0.1981899754968251,0.19818489866898376,5.076827841343778e-06
xgboost,weighted,123,42,prev_50pct,0.0012925399879558,0.9607391158048905,0.9601512545264305,0.0005878612784600001
xgboost,weighted,123,123,natural,1.0,0.046190712278962154,0.0461907122789621,5.551115123125783e-17
xgboost,weighted,123,123,prev_0.2581pct,0.5,0.08830266171708395,0.08832945160819668,2.6789891112724562e-05
xgboost,weighted,123,123,prev_1.2765pct,0.0999997901720798,0.3262714003639667,0.3264732147634789,0.00020181439951222346
xgboost,weighted,123,123,prev_10pct,0.0116328598916028,0.8063142317723108,0.8067860116960037,0.00047177992369296096
xgboost,weighted,123,123,prev_11.32pct,0.0100003986730482,0.8288424087958915,0.8292417702723065,0.00039936147641495
xgboost,weighted,123,123,prev_1pct,0.1279614588076318,0.27454998471263525,0.274832197556815,0.00028221284417973
xgboost,weighted,123,123,prev_50pct,0.0012925399879558,0.9740037033661706,0.974233641098921,0.00022993773275037377
xgboost,weighted,123,456,natural,1.0,0.04930014174344437,0.0493001417434443,6.938893903907228e-17
xgboost,weighted,123,456,prev_0.2581pct,0.5,0.0939676643167715,0.09388774290210325,7.992141466825475e-05
xgboost,weighted,123,456,prev_1.2765pct,0.0999997901720798,0.3414848396555982,0.3412962700589191,0.00018856959667912232
xgboost,weighted,123,456,prev_10pct,0.0116328598916028,0.8167751844986395,0.8171392289647258,0.0003640444660862885
xgboost,weighted,123,456,prev_11.32pct,0.0100003986730482,0.8383305790320157,0.838156494034622,0.00017408499739368644
xgboost,weighted,123,456,prev_1pct,0.1279614588076318,0.28838404680493523,0.28825228593505714,0.00013176086987809477
xgboost,weighted,123,456,prev_50pct,0.0012925399879558,0.9756809243706485,0.9751580593216821,0.00052286504896637
xgboost,weighted,123,789,natural,1.0,0.04253623738331942,0.0425362373833194,2.0816681711721685e-17
xgboost,weighted,123,789,prev_0.2581pct,0.5,0.08160145586897179,0.08163165025473323,3.019438576144784e-05
xgboost,weighted,123,789,prev_1.2765pct,0.0999997901720798,0.3076041019227175,0.30743275572203443,0.0001713462006830424
xgboost,weighted,123,789,prev_10pct,0.0116328598916028,0.7924882835707797,0.7938918860224666,0.0014036024516869139
xgboost,weighted,123,789,prev_11.32pct,0.0100003986730482,0.8162581380106108,0.8183928837620035,0.0021347457513927193
xgboost,weighted,123,789,prev_1pct,0.1279614588076318,0.2577099476966373,0.2574565902300671,0.000253357466570181
xgboost,weighted,123,789,prev_50pct,0.0012925399879558,0.971728287959494,0.972486180924545,0.0007578929650510213
xgboost,weighted,456,42,natural,1.0,0.022578527521932006,0.022578527521932,6.938893903907228e-18
xgboost,weighted,456,42,prev_0.2581pct,0.5,0.04415998754960703,0.04417103354186132,1.1045992254286874e-05
xgboost,weighted,456,42,prev_1.2765pct,0.0999997901720798,0.18765325286785467,0.18780676950637798,0.00015351663852331
xgboost,weighted,456,42,prev_10pct,0.0116328598916028,0.6650771467734219,0.6658083368381866,0.0007311900647647418
xgboost,weighted,456,42,prev_11.32pct,0.0100003986730482,0.6978776453216735,0.6984771307755893,0.000599485453915749
xgboost,weighted,456,42,prev_1pct,0.1279614588076318,0.1529184180227333,0.1529552092304185,3.67912076852106e-05
xgboost,weighted,456,42,prev_50pct,0.0012925399879558,0.9470110522443369,0.947533978300074,0.0005229260557371163
xgboost,weighted,456,123,natural,1.0,0.03832896732386599,0.0383289673238659,9.020562075079397e-17
xgboost,weighted,456,123,prev_0.2581pct,0.5,0.0738281768689417,0.07382067887936587,7.497989575833142e-06
xgboost,weighted,456,123,prev_1.2765pct,0.0999997901720798,0.2849824880431033,0.2850893879569223,0.00010689991381901409
xgboost,weighted,456,123,prev_10pct,0.0116328598916028,0.7740731219158575,0.7753317208293394,0.001258598913481901
xgboost,weighted,456,123,prev_11.32pct,0.0100003986730482,0.7994184817295321,0.8006471187767272,0.0012286370471951136
xgboost,weighted,456,123,prev_1pct,0.1279614588076318,0.23749901403222567,0.2376006922340717,0.00010167820184603382
xgboost,weighted,456,123,prev_50pct,0.0012925399879558,0.9685889177730759,0.9683653380457653,0.0002235797273105744
xgboost,weighted,456,456,natural,1.0,0.03139810426540284,0.0313981042654028,4.163336342344337e-17
xgboost,weighted,456,456,prev_0.2581pct,0.5,0.060884549109707066,0.060925749089667525,4.119997996045871e-05
xgboost,weighted,456,456,prev_1.2765pct,0.0999997901720798,0.2448040830697745,0.24508840280847566,0.0002843197387011609
xgboost,weighted,456,456,prev_10pct,0.0116328598916028,0.7359094931412801,0.7362259096632318,0.0003164165219516901
xgboost,weighted,456,456,prev_11.32pct,0.0100003986730482,0.7642321824110312,0.7644732141499654,0.00024103173893419427
xgboost,weighted,456,456,prev_1pct,0.1279614588076318,0.20212268083848567,0.20254828594091445,0.00042560510242878324
xgboost,weighted,456,456,prev_50pct,0.0012925399879558,0.9616553033503127,0.9610867851913477,0.0005685181589649702
xgboost,weighted,456,789,natural,1.0,0.027377205182636703,0.0273772051826367,3.469446951953614e-18
xgboost,weighted,456,789,prev_0.2581pct,0.5,0.05329533309583185,0.05327712859309972,1.8204502732127592e-05
xgboost,weighted,456,789,prev_1.2765pct,0.0999997901720798,0.2196515019585246,0.21990238518605115,0.00025088322752656045
xgboost,weighted,456,789,prev_10pct,0.0116328598916028,0.7075750897298676,0.7079029511310133,0.0003278614011457126
xgboost,weighted,456,789,prev_11.32pct,0.0100003986730482,0.7378540680301817,0.7385116205174524,0.0006575524872707295
xgboost,weighted,456,789,prev_1pct,0.1279614588076318,0.18030840326695663,0.18054946491281992,0.00024106164586329415
xgboost,weighted,456,789,prev_50pct,0.0012925399879558,0.9560963158342576,0.9566455504116321,0.0005492345773745466
xgboost,weighted,789,42,natural,1.0,0.03566551275129418,0.0356655127512941,8.326672684688674e-17
xgboost,weighted,789,42,prev_0.2581pct,0.5,0.06887457835019932,0.06889711775431827,2.2539404118948614e-05
xgboost,weighted,789,42,prev_1.2765pct,0.0999997901720798,0.26999127762957864,0.2700918873579513,0.00010060972837266924
xgboost,weighted,789,42,prev_10pct,0.0116328598916028,0.7607266396583279,0.7598954092605252,0.0008312303978026403
xgboost,weighted,789,42,prev_11.32pct,0.0100003986730482,0.7871575668808288,0.7870532727988158,0.00010429408201306778
xgboost,weighted,789,42,prev_1pct,0.1279614588076318,0.224222331777602,0.22424373750644538,2.140572884337666e-05
xgboost,weighted,789,42,prev_50pct,0.0012925399879558,0.9662320532052134,0.9658879148298384,0.0003441383753750582
xgboost,weighted,789,123,natural,1.0,0.05472929858145585,0.0547292985814558,4.85722573273506e-17
xgboost,weighted,789,123,prev_0.2581pct,0.5,0.10377885331347729,0.10374073925476578,3.811405871151363e-05
xgboost,weighted,789,123,prev_1.2765pct,0.0999997901720798,0.3666803083747774,0.36685422158169184,0.00017391320691445555
xgboost,weighted,789,123,prev_10pct,0.0116328598916028,0.8326950484364709,0.8337278924618495,0.0010328440253786209
xgboost,weighted,789,123,prev_11.32pct,0.0100003986730482,0.8527152856072069,0.853437405601002,0.0007221199937951228
xgboost,weighted,789,123,prev_1pct,0.1279614588076318,0.31151501068941617,0.31149012529590253,2.4885393513640608e-05
xgboost,weighted,789,123,prev_50pct,0.0012925399879558,0.9781630708234497,0.9778415129057397,0.0003215579177099359
xgboost,weighted,789,456,natural,1.0,0.0334837330800285,0.0334837330800285,0.0
xgboost,weighted,789,456,prev_0.2581pct,0.5,0.06479779411764706,0.06477577712401038,2.201699363668652e-05
xgboost,weighted,789,456,prev_1.2765pct,0.0999997901720798,0.2572996710471263,0.2569651989392123,0.00033447210791398563
xgboost,weighted,789,456,prev_10pct,0.0116328598916028,0.7486232509455771,0.7484471911255052,0.00017605982007196097
xgboost,weighted,789,456,prev_11.32pct,0.0100003986730482,0.7759974731262439,0.7759215762453328,7.589688091114155e-05
xgboost,weighted,789,456,prev_1pct,0.1279614588076318,0.21305429370616158,0.21303438337962555,1.9910326536032308e-05
xgboost,weighted,789,456,prev_50pct,0.0012925399879558,0.9640324435072085,0.9637624857172569,0.000269957789951647
xgboost,weighted,789,789,natural,1.0,0.05352998065764023,0.0535299806576402,3.469446951953614e-17
xgboost,weighted,789,789,prev_0.2581pct,0.5,0.10162023224858861,0.10156958306166143,5.06491869271819e-05
xgboost,weighted,789,789,prev_1.2765pct,0.0999997901720798,0.36125754125606224,0.3605225627673597,0.0007349784887025201
xgboost,weighted,789,789,prev_10pct,0.0116328598916028,0.8294061000335471,0.8288009946693496,0.0006051053641974447
xgboost,weighted,789,789,prev_11.32pct,0.0100003986730482,0.8497488882700525,0.8493393483895091,0.00040953988054337476
xgboost,weighted,789,789,prev_1pct,0.1279614588076318,0.30651322891475696,0.3059453636200023,0.0005678652947546659
xgboost,weighted,789,789,prev_50pct,0.0012925399879558,0.9776570607678892,0.9775689983576887,8.806241020042904e-05
