learner,csl_variant,level,n_cells,n_rows,prevalence_mean,negative_retention,pr_auc_mean,pr_auc_std,pr_auc_min,pr_auc_max,precision_mean,precision_std,precision_min,precision_max,recall_mean,recall_std,ner_mean,ner_std,ner_min,ner_max,alert_rate_mean
decision_tree,unweighted,natural,4,16,0.0012908714849422,1.0,0.7512827453158213,0.014138777544403859,0.7297426212657875,0.7674627863245576,0.1486628551210534,0.060785852630882084,0.0469928108013326,0.1893358278765201,0.8301542207792207,0.02410317974332944,0.1790960702938236,0.016166499505459026,0.1526775218578796,0.1930515133807156,0.010310338287960701
decision_tree,unweighted,prev_0.2581pct,4,1600,0.0025784145680423,0.5,0.7680129021755145,0.011835747532640665,0.7471664535387395,0.7845847356102501,0.2540699947463475,0.09512179096780776,0.0879698014114557,0.3292127521145088,0.8301542207792209,0.023345099918118044,0.1744696802647188,0.019488029873850742,0.1410577116620969,0.1907844124568183,0.01136480432721583
decision_tree,unweighted,prev_1.2765pct,4,1600,0.012760492190413,0.0999997901720798,0.8030275365987484,0.004656598656776141,0.7938069233944512,0.8114694393546343,0.600705582648827,0.15669687188303555,0.3188578227245687,0.728581713462923,0.8301542207792209,0.023345099918118044,0.17077119256025086,0.02257047926614279,0.1320228791046681,0.1888530229145254,0.019729603409702895
decision_tree,unweighted,prev_10pct,4,1600,0.1,0.011632859891602797,0.8466413765527296,0.021132536439983998,0.8276733763339112,0.8858499531195166,0.9151658375749981,0.06171795000540695,0.7819110138584975,0.970873786407767,0.8301542207792209,0.023345099918118044,0.16995341864956498,0.0232550003084774,0.1300935877585103,0.1883893215686843,0.09134349634740255
decision_tree,unweighted,prev_11.32pct,4,1600,0.11445559271646219,0.0100003986730482,0.8505144868080682,0.02227272112079198,0.8311957394232198,0.891778080511246,0.9258247210928626,0.05487974094413989,0.8017950635751683,0.9765625,0.8301542207792209,0.023345099918118044,0.16993816345229074,0.023267779479047353,0.1300589675222823,0.1883830269802792,0.10319682506503154
decision_tree,unweighted,prev_1pct,4,1600,0.01,0.1279614588076318,0.7980352235503306,0.005456355097833364,0.7901624625770983,0.8085333160186975,0.5465910800831949,0.1553859329355462,0.2683354192740926,0.6697551290536069,0.8301542207792209,0.023345099918118044,0.1710289651350471,0.02235526121955792,0.1326523379451764,0.1889841601729646,0.0174558644480519
decision_tree,unweighted,prev_50pct,4,1600,0.5,0.0012925399879558,0.9254568949669415,0.021951116803480872,0.9090963945668172,0.966938405579164,0.9891588154163148,0.009134100214470442,0.9597135183527306,1.0,0.8301542207792209,0.023345099918118044,0.16985789695914527,0.02333505432987722,0.129884817243075,0.1883284738807685,0.4197648640422078
decision_tree,weighted,natural,4,16,0.0012908714849422,1.0,0.7360495649689398,0.014768648382226978,0.7113265927524011,0.7453480598658605,0.03008357469869945,0.0059462273581944785,0.024014224453509,0.0364798295832778,0.9121347402597403,0.018002897872714006,0.12750798739780783,0.009463184442209047,0.1171285376197416,0.1407735886209447,0.040770570120935316
decision_tree,weighted,prev_0.2581pct,4,1600,0.0025784145680423,0.5,0.776456900736052,0.014471916292978806,0.7464358790144482,0.7939999741306203,0.05835472965786723,0.010866181227697965,0.0463763432172578,0.0714658320292123,0.9121347402597402,0.01743668072551693,0.10768603082862561,0.01326010525408727,0.0922428823602469,0.1258008610013879,0.04189275668514665
decision_tree,weighted,prev_1.2765pct,4,1600,0.012760492190413,0.0999997901720798,0.8508652370529635,0.012815058320339629,0.823853254367578,0.8675693941813254,0.23528003223746105,0.03593907199974814,0.1912058627581612,0.2850455136540962,0.9121347402597402,0.01743668072551693,0.09183116188645063,0.016595540048246094,0.0729027594856302,0.1135746721225822,0.05079387325475406
decision_tree,weighted,prev_10pct,4,1600,0.1,0.011632859891602797,0.9302213682281811,0.006527559098631646,0.91331801322562,0.9400047198197564,0.7215865789652625,0.04063847432973388,0.6511627906976745,0.799416484318016,0.9121347402597402,0.01743668072551693,0.08832701500918555,0.017339696238701695,0.0686832870580897,0.1107987586359407,0.12693952922077917
decision_tree,weighted,prev_11.32pct,4,1600,0.11445559271646219,0.0100003986730482,0.934955826802414,0.006044441075856637,0.9206972612055438,0.9441817600327476,0.7506994318431629,0.037997910622980684,0.6821152703505645,0.825923134890731,0.9121347402597402,0.01743668072551693,0.08826225418547792,0.01735333226225686,0.0686108992914313,0.1107410582422275,0.13955453363062056
decision_tree,weighted,prev_1pct,4,1600,0.01,0.1279614588076318,0.8405945218767341,0.013262316662119505,0.8128261714373256,0.8577914642774778,0.19408877618319753,0.031152310829025438,0.1570021881838074,0.236614853195164,0.9121347402597402,0.01743668072551693,0.09293945859085534,0.016362257591587027,0.0742592432869255,0.114433883439876,0.04838047889610385
decision_tree,weighted,prev_50pct,4,1600,0.5,0.0012925399879558,0.9817482536729781,0.0016088578256962078,0.9771748695954064,0.985500314241395,0.9586589840413379,0.009543435208514365,0.9310624493106244,0.982078853046595,0.9121347402597402,0.01743668072551693,0.08791640654948246,0.017426022044132114,0.0682185366141811,0.1104483598813911,0.4758535409902597
logistic_regression,unweighted,natural,4,4,0.0012908714849422,1.0,0.523583968243547,0.014271354747330572,0.5039687570139619,0.5345349621036724,0.014138074551141026,0.0023218497260475103,0.0115192464758106,0.017164281783159,0.8498376623376623,0.029653482161948595,0.22865139640693252,0.014722931354249328,0.2162729915161712,0.249886823101208,0.0794878739807668
logistic_regression,unweighted,prev_0.2581pct,4,400,0.0025784145680423,0.5,0.573754424563927,0.012452833848503124,0.5505213643476305,0.5899585948814006,0.02787380899378439,0.0039181711227583085,0.0225887638579778,0.0341161590264246,0.8498376623376623,0.025712830013731203,0.18940965501274948,0.01915163509600488,0.1670031498734535,0.2202403608113358,0.08048657633844199
logistic_regression,unweighted,prev_1.2765pct,4,400,0.012760492190413,0.0999997901720798,0.6958266091052827,0.012161139540574717,0.6732965860270446,0.7155702918361724,0.12516753049624926,0.01596137552411039,0.1021444695259593,0.1529736358062538,0.8498376623376623,0.025712830013731203,0.15801484456591386,0.024385428274469302,0.1280417458421263,0.1961163507488562,0.08837062911712305
logistic_regression,unweighted,prev_10pct,4,400,0.1,0.011632859891602797,0.8550375771244988,0.008316956225923235,0.8373170800625609,0.8682345594416774,0.5491081056827462,0.036653631756560195,0.4820239680426098,0.6233603997501561,0.8498376623376623,0.025712830013731203,0.1510770462674029,0.02555815071527668,0.11957552443729,0.1906872682494723,0.1557548701298701
logistic_regression,unweighted,prev_11.32pct,4,400,0.11445559271646219,0.0100003986730482,0.8651957549427272,0.00794151738481766,0.8476697172689671,0.8770835167224167,0.5861686927702388,0.03596239137888199,0.5176358436606292,0.6653333333333333,0.8498376623376623,0.025712830013731203,0.15094816456980883,0.025580057559376868,0.1194192088252305,0.1905897021291935,0.166857116313638
logistic_regression,unweighted,prev_1pct,4,400,0.01,0.1279614588076318,0.67695700744001,0.012425707459331097,0.6526889994533267,0.6981165199484871,0.10062081057232738,0.013145963720992804,0.0818881013421806,0.1229064039408867,0.8498376623376623,0.025712830013731203,0.16020829355998134,0.024019267395003045,0.130644558147628,0.1978410679718488,0.08622404626623371
logistic_regression,unweighted,prev_50pct,4,400,0.5,0.0012925399879558,0.964717363608832,0.003044348089872455,0.9556472305968722,0.970750075188648,0.9162427634328618,0.013547070564393096,0.8858075040783034,0.9477682811016144,0.8498376623376623,0.025712830013731203,0.15026345497957494,0.025695136657466075,0.1186061578229073,0.1900347292514787,0.4640361201298701
logistic_regression,weighted,natural,4,4,0.0012908714849422,1.0,0.15778292070363603,0.007276252986284437,0.1487063069716072,0.165715911164837,0.01626791095382385,0.0016617303103947806,0.0150897675955501,0.0187296270282925,0.8731737012987013,0.02025835921519475,0.19568411263708319,0.012356033992632166,0.1854378897472769,0.2130063622487797,0.06989880489609104
logistic_regression,weighted,prev_0.2581pct,4,400,0.0025784145680423,0.5,0.2610408643698291,0.009466169500109565,0.2410100394714517,0.2820422424728608,0.03201039877340277,0.002785469325061515,0.0295004306632213,0.037157454714352,0.8731737012987013,0.017566225241696435,0.16125584037352175,0.014133917590157436,0.1475560076274214,0.1847803787423212,0.07093565892933004
logistic_regression,weighted,prev_1.2765pct,4,400,0.012760492190413,0.0999997901720798,0.5739208790127459,0.015539547359044578,0.5364128491261707,0.6191192872091507,0.1418939811162291,0.010966266024766715,0.1298578199052132,0.1652892561983471,0.8731737012987013,0.017566225241696435,0.1337067296947328,0.01687693191956779,0.1177133639989241,0.1617432342777859,0.07907129096408
logistic_regression,weighted,prev_10pct,4,400,0.1,0.011632859891602797,0.8568153831938795,0.01033171744680428,0.8295071730992124,0.8783528627298798,0.5863552096584214,0.02281418860494991,0.5455450472872075,0.6459627329192547,0.8731737012987013,0.017566225241696435,0.12762660316210156,0.017484810149587044,0.1111963668035285,0.1565680335107403,0.14923701298701295
logistic_regression,weighted,prev_11.32pct,4,400,0.11445559271646219,0.0100003986730482,0.8691961563686741,0.009977752328924602,0.8441543458682979,0.8932992855877225,0.6224287430146238,0.022211318303409246,0.5823591923485654,0.680628272251309,0.8731737012987013,0.017566225241696435,0.12751428410024837,0.01749648205290139,0.1110715241334943,0.156465221900124,0.1608637588257153
logistic_regression,weighted,prev_1pct,4,400,0.01,0.1279614588076318,0.5267790035314249,0.01511874056622097,0.4901715559544453,0.5691545400601803,0.11443213379209415,0.009079374220916257,0.1047200458627938,0.1327377153797064,0.8731737012987013,0.017566225241696435,0.13563195316313387,0.016688142293620367,0.1197779889957913,0.1633777290669723,0.07686118100649346
logistic_regression,weighted,prev_50pct,4,400,0.5,0.0012925399879558,0.9704513596424147,0.0036101840662498136,0.9588908612916424,0.9787365395312309,0.927192391875249,0.009030283863497744,0.9058823529411764,0.9611829944547134,0.8731737012987013,0.017566225241696435,0.12691517566683325,0.017557527190825716,0.1104598999601338,0.155936476474097,0.4709689529220779
random_forest,unweighted,natural,4,16,0.0012908714849422,1.0,0.8165865661970209,0.01261077215000791,0.7946899724099898,0.8283846305647893,0.033303012360533,0.0080375398003182,0.0253272998857745,0.0497435664684791,0.9211647727272727,0.014824889474213246,0.11523407813689353,0.008547348010990038,0.1035519428873147,0.1323545766291466,0.037542409109864436
random_forest,unweighted,prev_0.2581pct,4,1600,0.0025784145680423,0.5,0.8370020579852419,0.010945157680342595,0.8146934308258102,0.849851493039276,0.06435838962537611,0.0145154919835634,0.048855614973262,0.0961066292528937,0.9211647727272728,0.0143586252824732,0.09703510971815604,0.011020579618655699,0.0832225205350325,0.1215310318666068,0.03868249320340798
random_forest,unweighted,prev_1.2765pct,4,1600,0.012760492190413,0.0999997901720798,0.8846172037848485,0.008079008345298403,0.8676505361881527,0.8950164370734348,0.2539521506182952,0.044474264196306776,0.201553123896929,0.3538908621246367,0.9211647727272728,0.0143586252824732,0.08247454125638334,0.01366193237121493,0.0668170385478192,0.1127028716284783,0.04768475913535232
random_forest,unweighted,prev_10pct,4,1600,0.1,0.011632859891602797,0.9488534997297493,0.0036097069863247917,0.9401943714668778,0.9553309051217906,0.7408108913801271,0.042649735307318304,0.6615031554790591,0.8515928515928516,0.9211647727272728,0.0143586252824732,0.07925815148805665,0.01427704553390869,0.0629605540516385,0.1106907015349868,0.1248381696428571
random_forest,unweighted,prev_11.32pct,4,1600,0.11445559271646219,0.0100003986730482,0.9527723854531364,0.003291481830774693,0.944624923273392,0.9588058776553418,0.7685337330412426,0.03955275207494326,0.6908328340323547,0.8677751385589866,0.9211647727272728,0.0143586252824732,0.07919883482763312,0.014288405085224899,0.0628923626772501,0.1106487376122862,0.13763151477146038
random_forest,unweighted,prev_1pct,4,1600,0.01,0.1279614588076318,0.8771334206518894,0.008531979928692167,0.8595075845338436,0.8881263808674886,0.21047652813437132,0.039231758442355845,0.1649812193007801,0.3001095290251916,0.9211647727272728,0.0143586252824732,0.08349304696856215,0.013469585676265794,0.0680686125423632,0.113331281370919,0.04524924918831164
random_forest,unweighted,prev_50pct,4,1600,0.5,0.0012925399879558,0.9887704760442548,0.000784564499857504,0.986235614482826,0.9911111996976733,0.9620251847133051,0.009298195812274906,0.9337694194603434,0.9856115107913668,0.9211647727272728,0.0143586252824732,0.07888247274851143,0.014349486146380605,0.0625419639227005,0.1104326234103784,0.4788593242694805
random_forest,weighted,natural,4,16,0.0012908714849422,1.0,0.7701120573414743,0.014481269695478569,0.7431441415220481,0.7884614067650182,0.028719248962927563,0.0055909613372338695,0.0206572421095651,0.0392421711157715,0.9046773538961039,0.013251396927935071,0.1363962123882746,0.009868199192131477,0.1224860989153904,0.1527099984238569,0.04218999176440754
random_forest,weighted,prev_0.2581pct,4,1600,0.0025784145680423,0.5,0.7927655181339694,0.013460460666035396,0.7639876482801662,0.8133749046390959,0.05578201412403834,0.01021775010855368,0.04003600360036,0.0763010574331329,0.9046773538961039,0.012834621350027822,0.1158593374500044,0.010536287419307457,0.0980264630546139,0.1314612753089231,0.04330173362800924
random_forest,weighted,prev_1.2765pct,4,1600,0.012760492190413,0.0999997901720798,0.8502587244865863,0.011102109699812264,0.8264538018774463,0.8663761192290598,0.22691643044902998,0.033994469530799876,0.1700565835754702,0.3000815438977983,0.9046773538961039,0.012834621350027822,0.0994305659668589,0.012297480294004104,0.0785006498220473,0.1179940034162485,0.052100826790819024
random_forest,weighted,prev_10pct,4,1600,0.1,0.011632859891602797,0.9336157718850235,0.005897174686635298,0.921113514901392,0.944030459079246,0.7123382354536356,0.04013785632652598,0.6226203807390818,0.8017429193899782,0.9046773538961039,0.012834621350027822,0.095800912865032,0.012771048000036079,0.0743850381031907,0.1148802803518676,0.12747128652597398
random_forest,weighted,prev_11.32pct,4,1600,0.11445559271646219,0.0100003986730482,0.9387446042509662,0.0055174538074183425,0.9269068086222112,0.9485840041057464,0.7421282714000533,0.03762110633534939,0.6579861111111112,0.8238805970149253,0.9046773538961039,0.012834621350027822,0.0957337292804747,0.01277994644029172,0.0743084539442622,0.1148257272523569,0.13994861343366774
random_forest,weighted,prev_1pct,4,1600,0.01,0.1279614588076318,0.8407333785363172,0.01157280314851269,0.8159064368757877,0.8578533226827865,0.18678175804734426,0.02942710540448404,0.1375726834096251,0.2478114478114478,0.9046773538961039,0.012834621350027822,0.1005798666692324,0.012152894310179518,0.0798718209962878,0.1189885483842516,0.049721946022727226
random_forest,weighted,prev_50pct,4,1600,0.5,0.0012925399879558,0.9855331692958638,0.001549710337951435,0.9807141228817664,0.9890406651113984,0.9567383821904493,0.009625407827419497,0.9251423921887714,0.9830810329474622,0.9046773538961039,0.012834621350027822,0.09537573374454372,0.012827437755235106,0.0739076984824719,0.1145078505379002,0.47287565949675325
xgboost,unweighted,natural,4,16,0.0012908714849422,1.0,0.833725526719811,0.010432536719174271,0.815903493251223,0.8439716501478841,0.04259088235470952,0.010605585637668665,0.0296579518445799,0.0651991362763915,0.9109679383116883,0.013786659980398994,0.11712002323026291,0.009148382879777605,0.1075859415976361,0.1340449985770076,0.02922875667701176
xgboost,unweighted,prev_0.2581pct,4,1600,0.0025784145680423,0.5,0.8501409642660634,0.009819699530275889,0.8315821290059142,0.8630060720607686,0.0815108816494992,0.01878781295498193,0.0565461530883656,0.1242711786898365,0.9109679383116884,0.013353049606187387,0.10307645816439653,0.010798902345704865,0.0876614710994142,0.1260319875373373,0.03036633055191043
xgboost,unweighted,prev_1.2765pct,4,1600,0.012760492190413,0.0999997901720798,0.8907791668769213,0.008329354417845141,0.8738064385989662,0.9011223124008456,0.3041973368176948,0.05208303585573862,0.227236737925574,0.4206656346749226,0.9109679383116884,0.013353049606187387,0.09184390743945178,0.012810389116554907,0.0719942405591633,0.1194405043791481,0.039385208652690844
xgboost,unweighted,prev_10pct,4,1600,0.1,0.011632859891602797,0.9493043966695093,0.004514078186584052,0.9380489804282868,0.9566588154283288,0.7851467937388779,0.04126044414101306,0.7017114914425427,0.8801619433198381,0.9109679383116884,0.013353049606187387,0.08935927734262807,0.013288576415350145,0.0685773281532708,0.1179224594754557,0.11641350446428568
xgboost,unweighted,prev_11.32pct,4,1600,0.11445559271646219,0.0100003986730482,0.9530585788666904,0.004203085501039298,0.9419461969093632,0.9596335541638258,0.809258699402059,0.03778546354933562,0.7279644895370958,0.8909836065573771,0.9109679383116884,0.013353049606187387,0.08931350519394245,0.013297620261475641,0.0685301187402327,0.1178983302199028,0.12918844063545146
xgboost,unweighted,prev_1pct,4,1600,0.01,0.1279614588076318,0.8842319427624189,0.008645512690195456,0.8668846694585695,0.8951133599986127,0.2552327163433273,0.04689874552003387,0.1877657834478246,0.3623333333333333,0.9109679383116884,0.013353049606187387,0.09262960058691937,0.012661594469552681,0.0731031372165253,0.1198905674501115,0.036943876826298655
xgboost,unweighted,prev_50pct,4,1600,0.5,0.0012925399879558,0.9885662607094126,0.001262616586545195,0.9843930449187862,0.991406032896349,0.9701291155922733,0.008265459525434742,0.944078947368421,0.990036231884058,0.9109679383116884,0.013353049606187387,0.08906849948694157,0.013345996486120714,0.0682185366141811,0.1177294254310331,0.4695799512987013
xgboost,weighted,natural,4,16,0.0012908714849422,1.0,0.815818172649719,0.012131105380068327,0.793669041176051,0.8283351647239208,0.04442536819431101,0.013738019510557435,0.022578527521932,0.0675872553366694,0.899705762987013,0.017644266238638552,0.1281587406665578,0.011679868899961478,0.115171063051713,0.1493712949823744,0.028991040387931974
xgboost,weighted,prev_0.2581pct,4,1600,0.0025784145680423,0.5,0.8355051976901148,0.011488366850606592,0.8122917060265475,0.8496177165746341,0.08476052014543037,0.02437411668028024,0.0436672822406894,0.1291923961738709,0.899705762987013,0.017089328574454565,0.1142265635880097,0.01361412478059477,0.100546407981311,0.1418314271711528,0.030113721267525113
xgboost,weighted,prev_1.2765pct,4,1600,0.012760492190413,0.0999997901720798,0.8807025845465256,0.00962495413038368,0.8616422410492283,0.8925938397071345,0.3115436085928799,0.06843205859345394,0.1806174411203055,0.4328600405679513,0.899705762987013,0.017089328574454565,0.10308070508187393,0.01633318240494101,0.0837495040945496,0.1355892936694457,0.038990948802668055
xgboost,weighted,prev_10pct,4,1600,0.1,0.011632859891602797,0.9437889006650505,0.005389011768247274,0.9320213173020186,0.9527281936524016,0.7872989472228988,0.056514899503835966,0.6467236467236467,0.8825475599669148,0.899705762987013,0.017089328574454565,0.10061797687426846,0.01700036200493001,0.0792667080520632,0.1341383910420742,0.11501836444805191
xgboost,weighted,prev_11.32pct,4,1600,0.11445559271646219,0.0100003986730482,0.947962703656182,0.005031695755134456,0.9367613319729584,0.956369867769901,0.8112061882280786,0.05184021857748654,0.6812725090036015,0.8973927670311186,0.899705762987013,0.017089328574454565,0.1005723502879397,0.017013027781404812,0.0791827802066621,0.1341132126884538,0.12760451505016718
xgboost,weighted,prev_1pct,4,1600,0.01,0.1279614588076318,0.8736584917214636,0.009979463337881349,0.8538882745233385,0.8853975083058325,0.2622556177766516,0.06147567823664429,0.146982646982647,0.3724258289703316,0.899705762987013,0.017089328574454565,0.10385924928169774,0.016126195458877952,0.0851941121335161,0.1360393567404091,0.036579596185064886
xgboost,weighted,prev_50pct,4,1600,0.5,0.0012925399879558,0.9875206122593978,0.0013562946742079758,0.9833685038574892,0.9903831056073666,0.970189326793529,0.010929866068132049,0.935696619950536,0.9908003679852806,0.899705762987013,0.017089328574454565,0.10033029975905777,0.017079311543892892,0.0787820247448718,0.1339558479783268,0.46380377435064934
