cell_id,learner,csl_variant,split_seed,model_seed,R_level,R_eval,threshold_B,threshold_C,threshold_gap,rules_agree,test_ner_B,test_ner_C,delta_ner_test
decision_tree__unweighted__split42__model42,decision_tree,unweighted,42,42,val_class_ratio,773.6688311688312,0.0039267013780772,0.0039267013780772,0.0,True,0.1526784726457394,0.1526784726457394,0.0
decision_tree__unweighted__split42__model42,decision_tree,unweighted,42,42,R_x1,773.7010836478753,0.0039267013780772,0.0039267013780772,0.0,True,0.1526775218578796,0.1526775218578796,0.0
decision_tree__unweighted__split42__model123,decision_tree,unweighted,42,123,val_class_ratio,773.6688311688312,0.0039267013780772,0.0039267013780772,0.0,True,0.1526784726457394,0.1526784726457394,0.0
decision_tree__unweighted__split42__model123,decision_tree,unweighted,42,123,R_x1,773.7010836478753,0.0039267013780772,0.0039267013780772,0.0,True,0.1526775218578796,0.1526775218578796,0.0
decision_tree__unweighted__split42__model456,decision_tree,unweighted,42,456,val_class_ratio,773.6688311688312,0.0039267013780772,0.0039267013780772,0.0,True,0.1526784726457394,0.1526784726457394,0.0
decision_tree__unweighted__split42__model456,decision_tree,unweighted,42,456,R_x1,773.7010836478753,0.0039267013780772,0.0039267013780772,0.0,True,0.1526775218578796,0.1526775218578796,0.0
decision_tree__unweighted__split42__model789,decision_tree,unweighted,42,789,val_class_ratio,773.6688311688312,0.0039267013780772,0.0039267013780772,0.0,True,0.1526784726457394,0.1526784726457394,0.0
decision_tree__unweighted__split42__model789,decision_tree,unweighted,42,789,R_x1,773.7010836478753,0.0039267013780772,0.0039267013780772,0.0,True,0.1526775218578796,0.1526775218578796,0.0
decision_tree__unweighted__split123__model42,decision_tree,unweighted,123,42,val_class_ratio,773.6688311688312,0.0151061173528432,0.0151061173528432,0.0,True,0.1831247039921344,0.1831247039921344,0.0
decision_tree__unweighted__split123__model42,decision_tree,unweighted,123,42,R_x1,773.7010836478753,0.0151061173528432,0.0151061173528432,0.0,True,0.1831245141844384,0.1831245141844384,0.0
decision_tree__unweighted__split123__model123,decision_tree,unweighted,123,123,val_class_ratio,773.6688311688312,0.0151061173528432,0.0151061173528432,0.0,True,0.1831236548503324,0.1831236548503324,0.0
decision_tree__unweighted__split123__model123,decision_tree,unweighted,123,123,R_x1,773.7010836478753,0.0151061173528432,0.0151061173528432,0.0,True,0.1831234650863708,0.1831234650863708,0.0
decision_tree__unweighted__split123__model456,decision_tree,unweighted,123,456,val_class_ratio,773.6688311688312,0.0151061173528432,0.0151061173528432,0.0,True,0.1831236548503324,0.1831236548503324,0.0
decision_tree__unweighted__split123__model456,decision_tree,unweighted,123,456,R_x1,773.7010836478753,0.0151061173528432,0.0151061173528432,0.0,True,0.1831234650863708,0.1831234650863708,0.0
decision_tree__unweighted__split123__model789,decision_tree,unweighted,123,789,val_class_ratio,773.6688311688312,0.0151061173528432,0.0151061173528432,0.0,True,0.1831173599995203,0.1831173599995203,0.0
decision_tree__unweighted__split123__model789,decision_tree,unweighted,123,789,R_x1,773.7010836478753,0.0151061173528432,0.0151061173528432,0.0,True,0.1831171704979658,0.1831171704979658,0.0
decision_tree__unweighted__split456__model42,decision_tree,unweighted,456,42,val_class_ratio,773.6688311688312,0.0140526974573731,0.0140526974573731,0.0,True,0.1930517109731511,0.1930517109731511,0.0
decision_tree__unweighted__split456__model42,decision_tree,unweighted,456,42,R_x1,773.7010836478753,0.0140526974573731,0.0140526974573731,0.0,True,0.1930515133807155,0.1930515133807155,0.0
decision_tree__unweighted__split456__model123,decision_tree,unweighted,456,123,val_class_ratio,773.6688311688312,0.0140526974573731,0.0140526974573731,0.0,True,0.1930506618313492,0.1930506618313492,0.0
decision_tree__unweighted__split456__model123,decision_tree,unweighted,456,123,R_x1,773.7010836478753,0.0140526974573731,0.0140526974573731,0.0,True,0.193050464282648,0.193050464282648,0.0
decision_tree__unweighted__split456__model456,decision_tree,unweighted,456,456,val_class_ratio,773.6688311688312,0.0140526974573731,0.0140526974573731,0.0,True,0.1930517109731511,0.1930517109731511,0.0
decision_tree__unweighted__split456__model456,decision_tree,unweighted,456,456,R_x1,773.7010836478753,0.0140526974573731,0.0140526974573731,0.0,True,0.1930515133807155,0.1930515133807155,0.0
decision_tree__unweighted__split456__model789,decision_tree,unweighted,456,789,val_class_ratio,773.6688311688312,0.0140526974573731,0.0140526974573731,0.0,True,0.1930517109731511,0.1930517109731511,0.0
decision_tree__unweighted__split456__model789,decision_tree,unweighted,456,789,R_x1,773.7010836478753,0.0140526974573731,0.0140526974573731,0.0,True,0.1930515133807155,0.1930515133807155,0.0
decision_tree__unweighted__split789__model42,decision_tree,unweighted,789,42,val_class_ratio,773.6688311688312,0.0129506699740886,0.0129506699740886,0.0,True,0.1875314606288419,0.1875314606288419,0.0
decision_tree__unweighted__split789__model42,decision_tree,unweighted,789,42,R_x1,773.7010836478753,0.0129506699740886,0.0129506699740886,0.0,True,0.1875312563012945,0.1875312563012945,0.0
decision_tree__unweighted__split789__model123,decision_tree,unweighted,789,123,val_class_ratio,773.6688311688312,0.0129506699740886,0.0129506699740886,0.0,True,0.1875314606288419,0.1875314606288419,0.0
decision_tree__unweighted__split789__model123,decision_tree,unweighted,789,123,R_x1,773.7010836478753,0.0129506699740886,0.0129506699740886,0.0,True,0.1875312563012945,0.1875312563012945,0.0
decision_tree__unweighted__split789__model456,decision_tree,unweighted,789,456,val_class_ratio,773.6688311688312,0.0129506699740886,0.0129506699740886,0.0,True,0.1875356571960499,0.1875356571960499,0.0
decision_tree__unweighted__split789__model456,decision_tree,unweighted,789,456,R_x1,773.7010836478753,0.0129506699740886,0.0129506699740886,0.0,True,0.1875354526935645,0.1875354526935645,0.0
decision_tree__unweighted__split789__model789,decision_tree,unweighted,789,789,val_class_ratio,773.6688311688312,0.0129506699740886,0.0129506699740886,0.0,True,0.1875356571960499,0.1875356571960499,0.0
decision_tree__unweighted__split789__model789,decision_tree,unweighted,789,789,R_x1,773.7010836478753,0.0129506699740886,0.0129506699740886,0.0,True,0.1875354526935645,0.1875354526935645,0.0
decision_tree__weighted__split42__model42,decision_tree,weighted,42,42,val_class_ratio,773.6688311688312,0.4773277640342712,0.4773277640342712,0.0,True,0.140774855259307,0.140774855259307,0.0
decision_tree__weighted__split42__model42,decision_tree,weighted,42,42,R_x1,773.7010836478753,0.4773277640342712,0.4773277640342712,0.0,True,0.1407735886209447,0.1407735886209447,0.0
decision_tree__weighted__split42__model123,decision_tree,weighted,42,123,val_class_ratio,773.6688311688312,0.4773277640342712,0.4773277640342712,0.0,True,0.1407601672740789,0.1407601672740789,0.0
decision_tree__weighted__split42__model123,decision_tree,weighted,42,123,R_x1,773.7010836478753,0.4773277640342712,0.4773277640342712,0.0,True,0.1407589012479995,0.1407589012479995,0.0
decision_tree__weighted__split42__model456,decision_tree,weighted,42,456,val_class_ratio,773.6688311688312,0.4773277640342712,0.4773277640342712,0.0,True,0.1407643638412869,0.1407643638412869,0.0
decision_tree__weighted__split42__model456,decision_tree,weighted,42,456,R_x1,773.7010836478753,0.4773277640342712,0.4773277640342712,0.0,True,0.1407630976402696,0.1407630976402696,0.0
decision_tree__weighted__split42__model789,decision_tree,weighted,42,789,val_class_ratio,773.6688311688312,0.4773277640342712,0.4773277640342712,0.0,True,0.1407601672740789,0.1407601672740789,0.0
decision_tree__weighted__split42__model789,decision_tree,weighted,42,789,R_x1,773.7010836478753,0.4773277640342712,0.4773277640342712,0.0,True,0.1407589012479995,0.1407589012479995,0.0
decision_tree__weighted__split123__model42,decision_tree,weighted,123,42,val_class_ratio,773.6688311688312,0.4168910980224609,0.4168910980224609,0.0,True,0.121166292790679,0.121166292790679,0.0
decision_tree__weighted__split123__model42,decision_tree,weighted,123,42,R_x1,773.7010836478753,0.4168910980224609,0.4168910980224609,0.0,True,0.1211643209336306,0.1211643209336306,0.0
decision_tree__weighted__split123__model123,decision_tree,weighted,123,123,val_class_ratio,773.6688311688312,0.4168910980224609,0.4168910980224609,0.0,True,0.121157899656263,0.121157899656263,0.0
decision_tree__weighted__split123__model123,decision_tree,weighted,123,123,R_x1,773.7010836478753,0.4168910980224609,0.4168910980224609,0.0,True,0.1211559281490905,0.1211559281490905,0.0
decision_tree__weighted__split123__model456,decision_tree,weighted,123,456,val_class_ratio,773.6688311688312,0.4168910980224609,0.4168910980224609,0.0,True,0.121156850514461,0.121156850514461,0.0
decision_tree__weighted__split123__model456,decision_tree,weighted,123,456,R_x1,773.7010836478753,0.4168910980224609,0.4168910980224609,0.0,True,0.121154879051023,0.121154879051023,0.0
decision_tree__weighted__split123__model789,decision_tree,weighted,123,789,val_class_ratio,773.6688311688312,0.4168910980224609,0.4168910980224609,0.0,True,0.121158948798065,0.121158948798065,0.0
decision_tree__weighted__split123__model789,decision_tree,weighted,123,789,R_x1,773.7010836478753,0.4168910980224609,0.4168910980224609,0.0,True,0.121156977247158,0.121156977247158,0.0
decision_tree__weighted__split456__model42,decision_tree,weighted,456,42,val_class_ratio,773.6688311688312,0.6332982182502747,0.6332982182502747,0.0,True,0.1309828333150755,0.1309828333150755,0.0
decision_tree__weighted__split456__model42,decision_tree,weighted,456,42,R_x1,773.7010836478753,0.6332982182502747,0.6332982182502747,0.0,True,0.130981501162444,0.130981501162444,0.0
decision_tree__weighted__split456__model123,decision_tree,weighted,456,123,val_class_ratio,773.6688311688312,0.6332982182502747,0.6332982182502747,0.0,True,0.1309828333150755,0.1309828333150755,0.0
decision_tree__weighted__split456__model123,decision_tree,weighted,456,123,R_x1,773.7010836478753,0.6332982182502747,0.6332982182502747,0.0,True,0.130981501162444,0.130981501162444,0.0
decision_tree__weighted__split456__model456,decision_tree,weighted,456,456,val_class_ratio,773.6688311688312,0.6332982182502747,0.6332982182502747,0.0,True,0.1309828333150755,0.1309828333150755,0.0
decision_tree__weighted__split456__model456,decision_tree,weighted,456,456,R_x1,773.7010836478753,0.6332982182502747,0.6332982182502747,0.0,True,0.130981501162444,0.130981501162444,0.0
decision_tree__weighted__split456__model789,decision_tree,weighted,456,789,val_class_ratio,773.6688311688312,0.6332982182502747,0.6332982182502747,0.0,True,0.1309817841732735,0.1309817841732735,0.0
decision_tree__weighted__split456__model789,decision_tree,weighted,456,789,R_x1,773.7010836478753,0.6332982182502747,0.6332982182502747,0.0,True,0.1309804520643765,0.1309804520643765,0.0
decision_tree__weighted__split789__model42,decision_tree,weighted,789,42,val_class_ratio,773.6688311688312,0.456003189086914,0.456003189086914,0.0,True,0.1171316272380102,0.1171316272380102,0.0
decision_tree__weighted__split789__model42,decision_tree,weighted,789,42,R_x1,773.7010836478753,0.456003189086914,0.456003189086914,0.0,True,0.1171295867178091,0.1171295867178091,0.0
decision_tree__weighted__split789__model123,decision_tree,weighted,789,123,val_class_ratio,773.6688311688312,0.456003189086914,0.456003189086914,0.0,True,0.1171305780962082,0.1171305780962082,0.0
decision_tree__weighted__split789__model123,decision_tree,weighted,789,123,R_x1,773.7010836478753,0.456003189086914,0.456003189086914,0.0,True,0.1171285376197415,0.1171285376197415,0.0
decision_tree__weighted__split789__model456,decision_tree,weighted,789,456,val_class_ratio,773.6688311688312,0.456003189086914,0.456003189086914,0.0,True,0.1171305780962082,0.1171305780962082,0.0
decision_tree__weighted__split789__model456,decision_tree,weighted,789,456,R_x1,773.7010836478753,0.456003189086914,0.456003189086914,0.0,True,0.1171285376197415,0.1171285376197415,0.0
decision_tree__weighted__split789__model789,decision_tree,weighted,789,789,val_class_ratio,773.6688311688312,0.456003189086914,0.456003189086914,0.0,True,0.1171316272380102,0.1171316272380102,0.0
decision_tree__weighted__split789__model789,decision_tree,weighted,789,789,R_x1,773.7010836478753,0.456003189086914,0.456003189086914,0.0,True,0.1171295867178091,0.1171295867178091,0.0
logistic_regression__unweighted__split42__model42,logistic_regression,unweighted,42,42,val_class_ratio,773.6688311688312,0.002015677280724,0.002015677280724,0.0,True,0.2498893223524974,0.2498893223524974,0.0
logistic_regression__unweighted__split42__model42,logistic_regression,unweighted,42,42,R_x1,773.7010836478753,0.002015677280724,0.002015677280724,0.0,True,0.2498868231012079,0.2498868231012079,0.0
logistic_regression__unweighted__split123__model42,logistic_regression,unweighted,123,42,val_class_ratio,773.6688311688312,0.0011921977857127,0.0011921977857127,0.0,True,0.2162770671772308,0.2162770671772308,0.0
logistic_regression__unweighted__split123__model42,logistic_regression,unweighted,123,42,R_x1,773.7010836478753,0.0011921977857127,0.0011921977857127,0.0,True,0.2162729915161711,0.2162729915161711,0.0
logistic_regression__unweighted__split456__model42,logistic_regression,unweighted,456,42,val_class_ratio,773.6688311688312,0.0015174308791756,0.0015174308791756,0.0,True,0.2260838316075631,0.2260838316075631,0.0
logistic_regression__unweighted__split456__model42,logistic_regression,unweighted,456,42,R_x1,773.7010836478753,0.0015174308791756,0.0015174308791756,0.0,True,0.2260806329105404,0.2260806329105404,0.0
logistic_regression__unweighted__split789__model42,logistic_regression,unweighted,789,42,val_class_ratio,773.6688311688312,0.0014876696513965,0.0014876696513965,0.0,True,0.2223684526057684,0.2223684526057684,0.0
logistic_regression__unweighted__split789__model42,logistic_regression,unweighted,789,42,R_x1,773.7010836478753,0.0014876696513965,0.0014876696513965,0.0,True,0.2223651380998104,0.2223651380998104,0.0
logistic_regression__weighted__split42__model42,logistic_regression,weighted,42,42,val_class_ratio,773.6688311688312,0.5718259811401367,0.5718259811401367,0.0,True,0.2130087452100545,0.2130087452100545,0.0
logistic_regression__weighted__split42__model42,logistic_regression,weighted,42,42,R_x1,773.7010836478753,0.5718259811401367,0.5718259811401367,0.0,True,0.2130063622487797,0.2130063622487797,0.0
logistic_regression__weighted__split123__model42,logistic_regression,weighted,123,42,val_class_ratio,773.6688311688312,0.5396656394004822,0.5396656394004822,0.0,True,0.1958863149943346,0.1958863149943346,0.0
logistic_regression__weighted__split123__model42,logistic_regression,weighted,123,42,R_x1,773.7010836478753,0.5396656394004822,0.5396656394004822,0.0,True,0.1958833600296367,0.1958833600296367,0.0
logistic_regression__weighted__split456__model42,logistic_regression,weighted,456,42,val_class_ratio,773.6688311688312,0.5317200422286987,0.5317200422286987,0.0,True,0.1884118541033435,0.1884118541033435,0.0
logistic_regression__weighted__split456__model42,logistic_regression,weighted,456,42,R_x1,773.7010836478753,0.5317200422286987,0.5317200422286987,0.0,True,0.1884088385226394,0.1884088385226394,0.0
logistic_regression__weighted__split789__model42,logistic_regression,weighted,789,42,val_class_ratio,773.6688311688312,0.5317416191101074,0.5317416191101074,0.0,True,0.1854410183379087,0.1854410183379087,0.0
logistic_regression__weighted__split789__model42,logistic_regression,weighted,789,42,R_x1,773.7010836478753,0.5317416191101074,0.5317416191101074,0.0,True,0.1854378897472769,0.1854378897472769,0.0
random_forest__unweighted__split42__model42,random_forest,unweighted,42,42,val_class_ratio,773.6688311688312,0.0025640910025686,0.0025640910025686,0.0,True,0.1323554922982091,0.1323554922982091,0.0
random_forest__unweighted__split42__model42,random_forest,unweighted,42,42,R_x1,773.7010836478753,0.0025640910025686,0.0025640910025686,0.0,True,0.1323545766291466,0.1323545766291466,0.0
random_forest__unweighted__split42__model123,random_forest,unweighted,42,123,val_class_ratio,773.6688311688312,0.0023039204534143,0.0023039204534143,0.0,True,0.1250450381587861,0.1250450381587861,0.0
random_forest__unweighted__split42__model123,random_forest,unweighted,42,123,R_x1,773.7010836478753,0.0023039204534143,0.0023039204534143,0.0,True,0.1250439196928833,0.1250439196928833,0.0
random_forest__unweighted__split42__model456,random_forest,unweighted,42,456,val_class_ratio,773.6688311688312,0.0024752086028456,0.0024752086028456,0.0,True,0.1267785814839824,0.1267785814839824,0.0
random_forest__unweighted__split42__model456,random_forest,unweighted,42,456,R_x1,773.7010836478753,0.0024752086028456,0.0024752086028456,0.0,True,0.1267775599337143,0.1267775599337143,0.0
random_forest__unweighted__split42__model789,random_forest,unweighted,42,789,val_class_ratio,773.6688311688312,0.0021883791778236,0.0021883791778236,0.0,True,0.1249352189000306,0.1249352189000306,0.0
random_forest__unweighted__split42__model789,random_forest,unweighted,42,789,R_x1,773.7010836478753,0.0021883791778236,0.0021883791778236,0.0,True,0.1249339696679963,0.1249339696679963,0.0
random_forest__unweighted__split123__model42,random_forest,unweighted,123,42,val_class_ratio,773.6688311688312,0.000971908273641,0.000971908273641,0.0,True,0.110674847520183,0.110674847520183,0.0
random_forest__unweighted__split123__model42,random_forest,unweighted,123,42,R_x1,773.7010836478753,0.000971908273641,0.000971908273641,0.0,True,0.110672906977031,0.110672906977031,0.0
random_forest__unweighted__split123__model123,random_forest,unweighted,123,123,val_class_ratio,773.6688311688312,0.0016072592698037,0.0016072592698037,0.0,True,0.1098628322032577,0.1098628322032577,0.0
random_forest__unweighted__split123__model123,random_forest,unweighted,123,123,R_x1,773.7010836478753,0.0016072592698037,0.0016072592698037,0.0,True,0.1098612300338716,0.1098612300338716,0.0
random_forest__unweighted__split123__model456,random_forest,unweighted,123,456,val_class_ratio,773.6688311688312,0.0017935760552063,0.0017935760552063,0.0,True,0.1110403303733909,0.1110403303733909,0.0
random_forest__unweighted__split123__model456,random_forest,unweighted,123,456,R_x1,773.7010836478753,0.0017935760552063,0.0017935760552063,0.0,True,0.1110388482989203,0.1110388482989203,0.0
random_forest__unweighted__split123__model789,random_forest,unweighted,123,789,val_class_ratio,773.6688311688312,0.001629697275348,0.001629697275348,0.0,True,0.1096064941605039,0.1096064941605039,0.0
random_forest__unweighted__split123__model789,random_forest,unweighted,123,789,R_x1,773.7010836478753,0.001629697275348,0.001629697275348,0.0,True,0.1096049365128309,0.1096049365128309,0.0
random_forest__unweighted__split456__model42,random_forest,unweighted,456,42,val_class_ratio,773.6688311688312,0.0015110090607777,0.0015110090607777,0.0,True,0.1140915821766885,0.1140915821766885,0.0
random_forest__unweighted__split456__model42,random_forest,unweighted,456,42,R_x1,773.7010836478753,0.0015110090607777,0.0015110090607777,0.0,True,0.1140899390718177,0.1140899390718177,0.0
random_forest__unweighted__split456__model123,random_forest,unweighted,456,123,val_class_ratio,773.6688311688312,0.0010922804940491,0.0010922804940491,0.0,True,0.1195520178130652,0.1195520178130652,0.0
random_forest__unweighted__split456__model123,random_forest,unweighted,456,123,R_x1,773.7010836478753,0.0010922804940491,0.0010922804940491,0.0,True,0.1195501809206597,0.1195501809206597,0.0
random_forest__unweighted__split456__model456,random_forest,unweighted,456,456,val_class_ratio,773.6688311688312,0.0010174724739044,0.0010174724739044,0.0,True,0.1189886218527789,0.1189886218527789,0.0
random_forest__unweighted__split456__model456,random_forest,unweighted,456,456,R_x1,773.7010836478753,0.0010174724739044,0.0010174724739044,0.0,True,0.1189867069380393,0.1189867069380393,0.0
random_forest__unweighted__split456__model789,random_forest,unweighted,456,789,val_class_ratio,773.6688311688312,0.0013346525374799,0.0013346525374799,0.0,True,0.1164916711766139,0.1164916711766139,0.0
random_forest__unweighted__split456__model789,random_forest,unweighted,456,789,R_x1,773.7010836478753,0.0013346525374799,0.0013346525374799,0.0,True,0.1164899618577219,0.1164899618577219,0.0
random_forest__unweighted__split789__model42,random_forest,unweighted,789,42,val_class_ratio,773.6688311688312,0.0012523722834885,0.0012523722834885,0.0,True,0.1060362441704503,0.1060362441704503,0.0
random_forest__unweighted__split789__model42,random_forest,unweighted,789,42,R_x1,773.7010836478753,0.0012523722834885,0.0012523722834885,0.0,True,0.1060345308279852,0.1060345308279852,0.0
random_forest__unweighted__split789__model123,random_forest,unweighted,789,123,val_class_ratio,773.6688311688312,0.0013111376902088,0.0013111376902088,0.0,True,0.1035536204112309,0.1035536204112309,0.0
random_forest__unweighted__split789__model123,random_forest,unweighted,789,123,R_x1,773.7010836478753,0.0013111376902088,0.0013111376902088,0.0,True,0.1035519428873147,0.1035519428873147,0.0
random_forest__unweighted__split789__model456,random_forest,unweighted,789,456,val_class_ratio,773.6688311688312,0.0010401657782495,0.0010401657782495,0.0,True,0.107227013303118,0.107227013303118,0.0
random_forest__unweighted__split789__model456,random_forest,unweighted,789,456,R_x1,773.7010836478753,0.0010401657782495,0.0010401657782495,0.0,True,0.1072251488142479,0.1072251488142479,0.0
random_forest__unweighted__split789__model789,random_forest,unweighted,789,789,val_class_ratio,773.6688311688312,0.0024575323332101,0.0024575323332101,0.0,True,0.1075299223417063,0.1075299223417063,0.0
random_forest__unweighted__split789__model789,random_forest,unweighted,789,789,R_x1,773.7010836478753,0.0024575323332101,0.0024575323332101,0.0,True,0.1075288911261154,0.1075288911261154,0.0
random_forest__weighted__split42__model42,random_forest,weighted,42,42,val_class_ratio,773.6688311688312,0.1929068118333816,0.1929068118333816,0.0,True,0.1468123052615687,0.1468123052615687,0.0
random_forest__weighted__split42__model42,random_forest,weighted,42,42,R_x1,773.7010836478753,0.1929068118333816,0.1929068118333816,0.0,True,0.1468106177661884,0.1468106177661884,0.0
random_forest__weighted__split42__model123,random_forest,weighted,42,123,val_class_ratio,773.6688311688312,0.1843786388635635,0.1843786388635635,0.0,True,0.1480657027097289,0.1480657027097289,0.0
random_forest__weighted__split42__model123,random_forest,weighted,42,123,R_x1,773.7010836478753,0.1843786388635635,0.1843786388635635,0.0,True,0.1480643013253963,0.1480643013253963,0.0
random_forest__weighted__split42__model456,random_forest,weighted,42,456,val_class_ratio,773.6688311688312,0.1663933545351028,0.1663933545351028,0.0,True,0.1527123040625495,0.1527123040625495,0.0
random_forest__weighted__split42__model456,random_forest,weighted,42,456,R_x1,773.7010836478753,0.1663933545351028,0.1663933545351028,0.0,True,0.1527099984238568,0.1527099984238568,0.0
random_forest__weighted__split42__model789,random_forest,weighted,42,789,val_class_ratio,773.6688311688312,0.1887541115283966,0.1887541115283966,0.0,True,0.1443541728320779,0.1443541728320779,0.0
random_forest__weighted__split42__model789,random_forest,weighted,42,789,R_x1,773.7010836478753,0.1887541115283966,0.1887541115283966,0.0,True,0.144352689314369,0.144352689314369,0.0
random_forest__weighted__split123__model42,random_forest,weighted,123,42,val_class_ratio,773.6688311688312,0.234475091099739,0.234475091099739,0.0,True,0.1322533576625229,0.1322533576625229,0.0
random_forest__weighted__split123__model42,random_forest,weighted,123,42,R_x1,773.7010836478753,0.234475091099739,0.234475091099739,0.0,True,0.1322521755629341,0.1322521755629341,0.0
random_forest__weighted__split123__model123,random_forest,weighted,123,123,val_class_ratio,773.6688311688312,0.1973086297512054,0.1973086297512054,0.0,True,0.1240738394175382,0.1240738394175382,0.0
random_forest__weighted__split123__model123,random_forest,weighted,123,123,R_x1,773.7010836478753,0.1973086297512054,0.1973086297512054,0.0,True,0.1240721185527404,0.1240721185527404,0.0
random_forest__weighted__split123__model456,random_forest,weighted,123,456,val_class_ratio,773.6688311688312,0.1909539401531219,0.1909539401531219,0.0,True,0.1328516818696851,0.1328516818696851,0.0
random_forest__weighted__split123__model456,random_forest,weighted,123,456,R_x1,773.7010836478753,0.1909539401531219,0.1909539401531219,0.0,True,0.1328499334521572,0.1328499334521572,0.0
random_forest__weighted__split123__model789,random_forest,weighted,123,789,val_class_ratio,773.6688311688312,0.1878827363252639,0.1878827363252639,0.0,True,0.1278339500107094,0.1278339500107094,0.0
random_forest__weighted__split123__model789,random_forest,weighted,123,789,R_x1,773.7010836478753,0.1878827363252639,0.1878827363252639,0.0,True,0.1278318693859789,0.1278318693859789,0.0
random_forest__weighted__split456__model42,random_forest,weighted,456,42,val_class_ratio,773.6688311688312,0.173733577132225,0.173733577132225,0.0,True,0.1441481527201658,0.1441481527201658,0.0
random_forest__weighted__split456__model42,random_forest,weighted,456,42,R_x1,773.7010836478753,0.173733577132225,0.173733577132225,0.0,True,0.1441461025783764,0.1441461025783764,0.0
random_forest__weighted__split456__model123,random_forest,weighted,456,123,val_class_ratio,773.6688311688312,0.198261559009552,0.198261559009552,0.0,True,0.1390332798679771,0.1390332798679771,0.0
random_forest__weighted__split456__model123,random_forest,weighted,456,123,R_x1,773.7010836478753,0.198261559009552,0.198261559009552,0.0,True,0.1390320858288719,0.1390320858288719,0.0
random_forest__weighted__split456__model456,random_forest,weighted,456,456,val_class_ratio,773.6688311688312,0.1766688525676727,0.1766688525676727,0.0,True,0.138873081364898,0.138873081364898,0.0
random_forest__weighted__split456__model456,random_forest,weighted,456,456,R_x1,773.7010836478753,0.1766688525676727,0.1766688525676727,0.0,True,0.1388714541356479,0.1388714541356479,0.0
random_forest__weighted__split456__model789,random_forest,weighted,456,789,val_class_ratio,773.6688311688312,0.192260593175888,0.192260593175888,0.0,True,0.1458617964141695,0.1458617964141695,0.0
random_forest__weighted__split456__model789,random_forest,weighted,456,789,R_x1,773.7010836478753,0.192260593175888,0.192260593175888,0.0,True,0.1458603515577518,0.1458603515577518,0.0
random_forest__weighted__split789__model42,random_forest,weighted,789,42,val_class_ratio,773.6688311688312,0.1782072782516479,0.1782072782516479,0.0,True,0.1226749587019636,0.1226749587019636,0.0
random_forest__weighted__split789__model42,random_forest,weighted,789,42,R_x1,773.7010836478753,0.1782072782516479,0.1782072782516479,0.0,True,0.1226729239547154,0.1226729239547154,0.0
random_forest__weighted__split789__model123,random_forest,weighted,789,123,val_class_ratio,773.6688311688312,0.1707752645015716,0.1707752645015716,0.0,True,0.1323414106351913,0.1323414106351913,0.0
random_forest__weighted__split789__model123,random_forest,weighted,789,123,R_x1,773.7010836478753,0.1707752645015716,0.1707752645015716,0.0,True,0.1323391082765855,0.1323391082765855,0.0
random_forest__weighted__split789__model456,random_forest,weighted,789,456,val_class_ratio,773.6688311688312,0.2023001313209533,0.2023001313209533,0.0,True,0.1224875506381234,0.1224875506381234,0.0
random_forest__weighted__split789__model456,random_forest,weighted,789,456,R_x1,773.7010836478753,0.2023001313209533,0.2023001313209533,0.0,True,0.1224860989153904,0.1224860989153904,0.0
random_forest__weighted__split789__model789,random_forest,weighted,789,789,val_class_ratio,773.6688311688312,0.1941239982843399,0.1941239982843399,0.0,True,0.1279892502478427,0.1279892502478427,0.0
random_forest__weighted__split789__model789,random_forest,weighted,789,789,R_x1,773.7010836478753,0.1941239982843399,0.1941239982843399,0.0,True,0.1279875691814327,0.1279875691814327,0.0
xgboost__unweighted__split42__model42,xgboost,unweighted,42,42,val_class_ratio,773.6688311688312,0.0019162173848599,0.0019162173848599,0.0,True,0.1313766498095467,0.1313766498095467,0.0
xgboost__unweighted__split42__model42,xgboost,unweighted,42,42,R_x1,773.7010836478753,0.0019162173848599,0.0019162173848599,0.0,True,0.1313758764525216,0.1313758764525216,0.0
xgboost__unweighted__split42__model123,xgboost,unweighted,42,123,val_class_ratio,773.6688311688312,0.0013300842838361,0.0013300842838361,0.0,True,0.131158401064293,0.131158401064293,0.0
xgboost__unweighted__split42__model123,xgboost,unweighted,42,123,R_x1,773.7010836478753,0.0013300842838361,0.0013300842838361,0.0,True,0.131157230773017,0.131157230773017,0.0
xgboost__unweighted__split42__model456,xgboost,unweighted,42,456,val_class_ratio,773.6688311688312,0.0021981198806315,0.0021981198806315,0.0,True,0.134045680179068,0.134045680179068,0.0
xgboost__unweighted__split42__model456,xgboost,unweighted,42,456,R_x1,773.7010836478753,0.0021981198806315,0.0021981198806315,0.0,True,0.1340449985770076,0.1340449985770076,0.0
xgboost__unweighted__split42__model789,xgboost,unweighted,42,789,val_class_ratio,773.6688311688312,0.0013564806431531,0.0013564806431531,0.0,True,0.1255703107585268,0.1255703107585268,0.0
xgboost__unweighted__split42__model789,xgboost,unweighted,42,789,R_x1,773.7010836478753,0.0013564806431531,0.0013564806431531,0.0,True,0.1255692042321404,0.1255692042321404,0.0
xgboost__unweighted__split123__model42,xgboost,unweighted,123,42,val_class_ratio,773.6688311688312,0.0017570934724062,0.0017570934724062,0.0,True,0.1123521527572263,0.1123521527572263,0.0
xgboost__unweighted__split123__model42,xgboost,unweighted,123,42,R_x1,773.7010836478753,0.0017570934724062,0.0017570934724062,0.0,True,0.1123512927184378,0.1123512927184378,0.0
xgboost__unweighted__split123__model123,xgboost,unweighted,123,123,val_class_ratio,773.6688311688312,0.0012808406027033,0.0012808406027033,0.0,True,0.1097953669353014,0.1097953669353014,0.0
xgboost__unweighted__split123__model123,xgboost,unweighted,123,123,R_x1,773.7010836478753,0.0012808406027033,0.0012808406027033,0.0,True,0.109794207446445,0.109794207446445,0.0
xgboost__unweighted__split123__model456,xgboost,unweighted,123,456,val_class_ratio,773.6688311688312,0.0015902656596153,0.0015902656596153,0.0,True,0.1084668127835067,0.1084668127835067,0.0
xgboost__unweighted__split123__model456,xgboost,unweighted,123,456,R_x1,773.7010836478753,0.0015902656596153,0.0015902656596153,0.0,True,0.1084658440207706,0.1084658440207706,0.0
xgboost__unweighted__split123__model789,xgboost,unweighted,123,789,val_class_ratio,773.6688311688312,0.0015989815583452,0.0015989815583452,0.0,True,0.1081971833403911,0.1081971833403911,0.0
xgboost__unweighted__split123__model789,xgboost,unweighted,123,789,R_x1,773.7010836478753,0.0015989815583452,0.0015989815583452,0.0,True,0.1081962258174196,0.1081962258174196,0.0
xgboost__unweighted__split456__model42,xgboost,unweighted,456,42,val_class_ratio,773.6688311688312,0.0010040823835879,0.0010040823835879,0.0,True,0.1200878022686533,0.1200878022686533,0.0
xgboost__unweighted__split456__model42,xgboost,unweighted,456,42,R_x1,773.7010836478753,0.0010040823835879,0.0010040823835879,0.0,True,0.1200862814016881,0.1200862814016881,0.0
xgboost__unweighted__split456__model123,xgboost,unweighted,456,123,val_class_ratio,773.6688311688312,0.0010284666204825,0.0010284666204825,0.0,True,0.1188603063603063,0.1188603063603063,0.0
xgboost__unweighted__split456__model123,xgboost,unweighted,456,123,R_x1,773.7010836478753,0.0010284666204825,0.0010284666204825,0.0,True,0.118858836662697,0.118858836662697,0.0
xgboost__unweighted__split456__model456,xgboost,unweighted,456,456,val_class_ratio,773.6688311688312,0.0010286488104611,0.0010286488104611,0.0,True,0.114969025791448,0.114969025791448,0.0
xgboost__unweighted__split456__model456,xgboost,unweighted,456,456,R_x1,773.7010836478753,0.0010286488104611,0.0010286488104611,0.0,True,0.1149675152895575,0.1149675152895575,0.0
xgboost__unweighted__split456__model789,xgboost,unweighted,456,789,val_class_ratio,773.6688311688312,0.0016510800924152,0.0016510800924152,0.0,True,0.1208533692167079,0.1208533692167079,0.0
xgboost__unweighted__split456__model789,xgboost,unweighted,456,789,R_x1,773.7010836478753,0.0016510800924152,0.0016510800924152,0.0,True,0.1208524593205984,0.1208524593205984,0.0
xgboost__unweighted__split789__model42,xgboost,unweighted,789,42,val_class_ratio,773.6688311688312,0.0011638585710898,0.0011638585710898,0.0,True,0.1109983783265289,0.1109983783265289,0.0
xgboost__unweighted__split789__model42,xgboost,unweighted,789,42,R_x1,773.7010836478753,0.0011638585710898,0.0011638585710898,0.0,True,0.1109971010169506,0.1109971010169506,0.0
xgboost__unweighted__split789__model123,xgboost,unweighted,789,123,val_class_ratio,773.6688311688312,0.001036437228322,0.001036437228322,0.0,True,0.1092385996436733,0.1092385996436733,0.0
xgboost__unweighted__split789__model123,xgboost,unweighted,789,123,R_x1,773.7010836478753,0.001036437228322,0.001036437228322,0.0,True,0.1092371250040663,0.1092371250040663,0.0
xgboost__unweighted__split789__model456,xgboost,unweighted,789,456,val_class_ratio,773.6688311688312,0.0009388300240971,0.0009388300240971,0.0,True,0.107587584265162,0.107587584265162,0.0
xgboost__unweighted__split789__model456,xgboost,unweighted,789,456,R_x1,773.7010836478753,0.0009388300240971,0.0009388300240971,0.0,True,0.1075859415976361,0.1075859415976361,0.0
xgboost__unweighted__split789__model789,xgboost,unweighted,789,789,val_class_ratio,773.6688311688312,0.0011961391428485,0.0011961391428485,0.0,True,0.1103814829469494,0.1103814829469494,0.0
xgboost__unweighted__split789__model789,xgboost,unweighted,789,789,R_x1,773.7010836478753,0.0011961391428485,0.0011961391428485,0.0,True,0.1103802313532524,0.1103802313532524,0.0
xgboost__weighted__split42__model42,xgboost,weighted,42,42,val_class_ratio,773.6688311688312,0.4471830129623413,0.4471830129623413,0.0,True,0.1422517403491217,0.1422517403491217,0.0
xgboost__weighted__split42__model42,xgboost,weighted,42,42,R_x1,773.7010836478753,0.4471830129623413,0.4471830129623413,0.0,True,0.1422510550296293,0.1422510550296293,0.0
xgboost__weighted__split42__model123,xgboost,weighted,42,123,val_class_ratio,773.6688311688312,0.4094126522541046,0.4094126522541046,0.0,True,0.1467564078038709,0.1467564078038709,0.0
xgboost__weighted__split42__model123,xgboost,weighted,42,123,R_x1,773.7010836478753,0.4094126522541046,0.4094126522541046,0.0,True,0.1467555685389662,0.1467555685389662,0.0
xgboost__weighted__split42__model456,xgboost,weighted,42,456,val_class_ratio,773.6688311688312,0.468712717294693,0.468712717294693,0.0,True,0.1493719387540991,0.1493719387540991,0.0
xgboost__weighted__split42__model456,xgboost,weighted,42,456,R_x1,773.7010836478753,0.468712717294693,0.468712717294693,0.0,True,0.1493712949823744,0.1493712949823744,0.0
xgboost__weighted__split42__model789,xgboost,weighted,42,789,val_class_ratio,773.6688311688312,0.4300681054592132,0.4300681054592132,0.0,True,0.1435023173771128,0.1435023173771128,0.0
xgboost__weighted__split42__model789,xgboost,weighted,42,789,R_x1,773.7010836478753,0.4300681054592132,0.4300681054592132,0.0,True,0.1435015799261058,0.1435015799261058,0.0
xgboost__weighted__split123__model42,xgboost,weighted,123,42,val_class_ratio,773.6688311688312,0.2896187305450439,0.2896187305450439,0.0,True,0.1194957320366485,0.1194957320366485,0.0
xgboost__weighted__split123__model42,xgboost,weighted,123,42,R_x1,773.7010836478753,0.2896187305450439,0.2896187305450439,0.0,True,0.1194941681786775,0.1194941681786775,0.0
xgboost__weighted__split123__model123,xgboost,weighted,123,123,val_class_ratio,773.6688311688312,0.3716185986995697,0.3716185986995697,0.0,True,0.116752955173577,0.116752955173577,0.0
xgboost__weighted__split123__model123,xgboost,weighted,123,123,R_x1,773.7010836478753,0.3716185986995697,0.3716185986995697,0.0,True,0.1167519455190908,0.1167519455190908,0.0
xgboost__weighted__split123__model456,xgboost,weighted,123,456,val_class_ratio,773.6688311688312,0.3958902955055237,0.3958902955055237,0.0,True,0.119108639587363,0.119108639587363,0.0
xgboost__weighted__split123__model456,xgboost,weighted,123,456,R_x1,773.7010836478753,0.3958902955055237,0.3958902955055237,0.0,True,0.1191077009139575,0.1191077009139575,0.0
xgboost__weighted__split123__model789,xgboost,weighted,123,789,val_class_ratio,773.6688311688312,0.3565203249454498,0.3565203249454498,0.0,True,0.1165703976874189,0.1165703976874189,0.0
xgboost__weighted__split123__model789,xgboost,weighted,123,789,R_x1,773.7010836478753,0.3565203249454498,0.3565203249454498,0.0,True,0.116569294134978,0.116569294134978,0.0
xgboost__weighted__split456__model42,xgboost,weighted,456,42,val_class_ratio,773.6688311688312,0.2191172391176223,0.2191172391176223,0.0,True,0.130282299533527,0.130282299533527,0.0
xgboost__weighted__split456__model42,xgboost,weighted,456,42,R_x1,773.7010836478753,0.2191172391176223,0.2191172391176223,0.0,True,0.1302801506829888,0.1302801506829888,0.0
xgboost__weighted__split456__model123,xgboost,weighted,456,123,val_class_ratio,773.6688311688312,0.3193224370479584,0.3193224370479584,0.0,True,0.1266736536785636,0.1266736536785636,0.0
xgboost__weighted__split456__model123,xgboost,weighted,456,123,R_x1,773.7010836478753,0.3193224370479584,0.3193224370479584,0.0,True,0.1266724334862321,0.1266724334862321,0.0
xgboost__weighted__split456__model456,xgboost,weighted,456,456,val_class_ratio,773.6688311688312,0.2855784893035888,0.2855784893035888,0.0,True,0.1326131928627837,0.1326131928627837,0.0
xgboost__weighted__split456__model456,xgboost,weighted,456,456,R_x1,773.7010836478753,0.2855784893035888,0.2855784893035888,0.0,True,0.132611691238995,0.132611691238995,0.0
xgboost__weighted__split456__model789,xgboost,weighted,456,789,val_class_ratio,773.6688311688312,0.2601685523986816,0.2601685523986816,0.0,True,0.1311055556554738,0.1311055556554738,0.0
xgboost__weighted__split456__model789,xgboost,weighted,456,789,R_x1,773.7010836478753,0.2601685523986816,0.2601685523986816,0.0,True,0.1311038123548814,0.1311038123548814,0.0
xgboost__weighted__split789__model42,xgboost,weighted,789,42,val_class_ratio,773.6688311688312,0.3288641273975372,0.3288641273975372,0.0,True,0.1203301676501349,0.1203301676501349,0.0
xgboost__weighted__split789__model42,xgboost,weighted,789,42,R_x1,773.7010836478753,0.3288641273975372,0.3288641273975372,0.0,True,0.1203288396960146,0.1203288396960146,0.0
xgboost__weighted__split789__model123,xgboost,weighted,789,123,val_class_ratio,773.6688311688312,0.419091135263443,0.419091135263443,0.0,True,0.1151719052905632,0.1151719052905632,0.0
xgboost__weighted__split789__model123,xgboost,weighted,789,123,R_x1,773.7010836478753,0.419091135263443,0.419091135263443,0.0,True,0.115171063051713,0.115171063051713,0.0
xgboost__weighted__split789__model456,xgboost,weighted,789,456,val_class_ratio,773.6688311688312,0.3066228330135345,0.3066228330135345,0.0,True,0.1185756414888984,0.1185756414888984,0.0
xgboost__weighted__split789__model456,xgboost,weighted,789,456,R_x1,773.7010836478753,0.3066228330135345,0.3066228330135345,0.0,True,0.1185742174938334,0.1185742174938334,0.0
xgboost__weighted__split789__model789,xgboost,weighted,789,789,val_class_ratio,773.6688311688312,0.4069646596908569,0.4069646596908569,0.0,True,0.1219958914517015,0.1219958914517015,0.0
xgboost__weighted__split789__model789,xgboost,weighted,789,789,R_x1,773.7010836478753,0.4069646596908569,0.4069646596908569,0.0,True,0.1219950354364863,0.1219950354364863,0.0
